freq,amp
2.5,0.029747684
3.125,0.063973516
3.75,0.00951606
4.375,0.04526126
5.0,0.04062318
5.625,0.024389902
6.25,0.02958775
6.875,0.03190679
7.5,0.018392386
8.125,0.04917964
8.75,0.035105467
9.375,0.10995448
10.0,0.05661656
10.625,0.12498825
11.25,1.6674696
11.875,2.6202753
12.5,1.0275745
13.125,0.051098846
13.75,0.011435266
14.375,0.014074173
15.0,0.07348958
15.625,0.08156623
16.25,0.04038328
16.875,0.025349505
17.5,0.027108777
18.125,0.0049579474
18.75,0.036704805
19.375,0.027668545
20.0,0.020391557
20.625,0.045181293
21.25,0.047740236
21.875,0.043102156
22.5,0.046140898
23.125,0.43446013
23.75,0.54065615
24.375,0.14953808
25.0,0.02111126
25.625,0.02446987
26.25,0.0236702
26.875,0.024389902
27.5,0.009915895
28.125,0.036944706
28.75,0.04014338
29.375,0.020471524
30.0,0.062933944
30.625,0.06973113
31.25,0.024389902
31.875,0.013754305
32.5,0.012714736
33.125,0.037904307
33.75,0.023110433
34.375,0.11099405
35.0,0.44981378
35.625,0.4330207
36.25,0.0835654
36.875,0.03190679
37.5,0.019112088
38.125,0.010635597
38.75,0.007916722
39.375,0.016393213
40.0,0.016313246
40.625,0.009995862
41.25,0.011915067
41.875,0.009596027
42.5,0.008076656
43.125,0.017032947
43.75,0.0038384108
44.375,0.020871358
45.0,0.023110433
45.625,0.027988411
46.25,0.15593544
46.875,0.5684047
47.5,0.45085335
48.125,0.055417057
48.75,0.02550944
49.375,0.006637252
50.0,0.011035431
50.625,0.012314902
51.25,0.007836755
51.875,0.010475663
52.5,0.009276159
53.125,0.009675994
53.75,0.010635597
54.375,0.01751275
55.0,0.007516888
55.625,0.011915067
56.25,0.016873015
56.875,0.0065572853
57.5,0.02111126
58.125,0.26501027
58.75,0.63941526
59.375,0.39959458
60.0,0.046460763
60.625,0.005357782
61.25,0.009835928
61.875,0.0046380796
62.5,0.007916722
63.125,0.0064773182
63.75,0.0063173845
64.375,0.0055177156
65.0,0.0063173845
65.625,0.0031187087
66.25,0.008076656
66.875,0.0047980137
67.5,0.0019991724
68.125,0.0034385764
68.75,0.009915895
69.375,0.043102156
70.0,0.25093612
70.625,0.4796414
71.25,0.25109604
71.875,0.029027982
72.5,0.012634769
73.125,0.0011195365
73.75,0.0055177156
74.375,0.003758444
75.0,0.004558113
75.625,0.0063973516
76.25,0.011755133
76.875,0.012874669
77.5,0.005357782
78.125,0.0065572853
78.75,0.0060774838
79.375,0.002239073
80.0,0.009596027
80.625,0.0047180466
81.25,0.016153311
81.875,0.17056938
82.5,0.2530952
83.125,0.09691987
83.75,0.010075828
84.375,0.0049579474
85.0,0.0034385764
85.625,0.006157451
86.25,0.010715564
86.875,0.008316557
87.5,0.00359851
88.125,0.0070370864
88.75,0.00719702
89.375,0.004318212
90.0,0.0011195365
90.625,0.0034385764
91.25,0.0041582785
91.875,0.005357782
92.5,0.0068771527
93.125,0.03062732
93.75,0.15065762
94.375,0.17032948
95.0,0.04422169
95.625,0.009036259
96.25,0.0033586095
96.875,0.0064773182
97.5,0.005997517
98.125,0.0057576164
98.75,0.0054377485
99.375,0.0032786427
100.0,0.0031187087
100.625,0.007436921
101.25,0.0060774838
101.875,0.005117881
102.5,0.0060774838
103.125,0.0039983448
103.75,0.0063973516
104.375,0.012314902
105.0,0.083085604
105.625,0.2912394
106.25,0.27332684
106.875,0.062134277
107.5,0.012874669
108.125,0.0070370864
108.75,0.004238245
109.375,0.0047980137
110.0,0.0049579474
110.625,0.0041582785
111.25,0.0015193709
111.875,0.009995862
112.5,0.0049579474
113.125,0.005197848
113.75,0.004558113
114.375,0.005277815
115.0,0.005837583
115.625,0.009915895
116.25,0.026868876
116.875,0.072130136
117.5,0.21591061
118.125,0.17480762
118.75,0.041742716
119.375,0.008076656
120.0,0.0063173845
120.625,0.003758444
121.25,0.008316557
121.875,0.002958775
122.5,0.0014394041
123.125,0.002159106
123.75,0.004318212
124.375,0.0033586095
125.0,0.0023190398
125.625,0.0067971856
126.25,0.0063173845
126.875,0.0064773182
127.5,0.011755133
128.125,0.014314074
128.75,0.10923477
129.375,0.2586929
130.0,0.15769471
130.625,0.026868876
131.25,0.010395696
131.875,0.0020791392
132.5,0.004558113
133.125,0.005997517
133.75,0.005117881
134.375,0.005037914
135.0,0.0031986758
135.625,0.0015193709
136.25,0.0011195365
136.875,0.0009596027
137.5,0.0015193709
138.125,0.0027988413
138.75,0.0054377485
139.375,0.004318212
140.0,0.00847649
140.625,0.05253825
141.25,0.08836342
141.875,0.040063415
142.5,0.008316557
143.125,0.002159106
143.75,0.004238245
144.375,0.0034385764
145.0,0.00079966895
145.625,0.004238245
146.25,0.0038384108
146.875,0.0023190398
147.5,0.0039983448
148.125,0.0038384108
148.75,0.002159106
149.375,0.00079966895
150.0,0.0039983448
150.625,0.008556457
151.25,0.006157451
151.875,0.01543361
152.5,0.104916565
153.125,0.14873841
153.75,0.058775667
154.375,0.013274504
155.0,0.004478146
155.625,0.0018392386
156.25,0.00031986757
156.875,0.0014394041
157.5,0.0017592716
158.125,0.0014394041
158.75,0.0015993379
159.375,0.0015193709
160.0,0.0036784771
160.625,0.0023190398
161.25,0.005037914
161.875,0.00015993378
162.5,0.0049579474
163.125,0.012394869
163.75,0.06717219
164.375,0.23294356
165.0,0.26117188
165.625,0.0838053
166.25,0.017672684
166.875,0.009995862
167.5,0.0
168.125,0.0015193709
168.75,0.00071970205
169.375,0.0023190398
170.0,0.0030387419
170.625,0.0030387419
171.25,0.0027188743
171.875,0.0013594371
172.5,0.0015993379
173.125,0.00071970205
173.75,0.0019192054
174.375,0.0012794703
175.0,0.01543361
175.625,0.055816893
176.25,0.14929819
176.875,0.14050183
177.5,0.03878394
178.125,0.0079966895
178.75,0.0027188743
179.375,0.00063973514
180.0,0.0014394041
180.625,0.00047980135
181.25,0.0009596027
181.875,0.0025589406
182.5,0.0032786427
183.125,0.00079966895
183.75,0.0026389074
184.375,0.0017592716
185.0,0.00071970205
185.625,0.0031986758
186.25,0.0017592716
186.875,0.008876325
187.5,0.038224176
188.125,0.08148626
188.75,0.0596553
189.375,0.016313246
190.0,0.00359851
190.625,0.0019991724
191.25,0.0014394041
191.875,0.0032786427
192.5,0.0015193709
193.125,0.00047980135
193.75,0.0019991724
194.375,0.0041582785
195.0,0.003758444
195.625,0.0016793048
196.25,0.00031986757
196.875,0.0031187087
197.5,0.004318212
198.125,0.010235762
198.75,0.036225002
199.375,0.13946226
200.0,0.27476624
200.625,0.17664686
201.25,0.051178813
201.875,0.008076656
202.5,0.0018392386
203.125,0.0047980137
203.75,0.0031986758
204.375,0.0019991724
205.0,0.0010395696
205.625,0.0018392386
206.25,0.0024789737
206.875,0.002958775
207.5,0.0015993379
208.125,0.0023190398
208.75,0.0032786427
209.375,0.0030387419
210.0,0.007516888
210.625,0.02470977
211.25,0.09156209
211.875,0.15329653
212.5,0.081166394
213.125,0.02415
213.75,0.0026389074
214.375,0.005357782
215.0,0.0024789737
215.625,0.003758444
216.25,0.0010395696
216.875,0.0027188743
217.5,0.0020791392
218.125,0.0019192054
218.75,0.0020791392
219.375,0.0023190398
220.0,0.0014394041
220.625,0.0015193709
221.25,0.0035185432
221.875,0.0064773182
222.5,0.020151656
223.125,0.078847356
223.75,0.1060361
224.375,0.0480601
225.0,0.015033776
225.625,0.0023190398
226.25,0.005037914
226.875,0.0067971856
227.5,0.004238245
228.125,0.0009596027
228.75,0.0018392386
229.375,0.0040783114
230.0,0.0031986758
230.625,0.0020791392
231.25,0.0017592716
231.875,0.00063973514
232.5,0.0027988413
233.125,0.0054377485
233.75,0.005837583
234.375,0.027748512
235.0,0.07340961
235.625,0.07956706
236.25,0.030787254
236.875,0.010955464
237.5,0.0060774838
238.125,0.0009596027
238.75,0.0023190398
239.375,0.0048779803
240.0,0.002958775
240.625,0.0015193709
241.25,0.0026389074
241.875,0.0024789737
242.5,0.0014394041
243.125,0.0008796358
243.75,0.0015193709
244.375,0.002159106
245.0,0.0024789737
245.625,0.013274504
246.25,0.04494139
246.875,0.1045967
247.5,0.09364123
248.125,0.033026326
248.75,0.009036259
249.375,0.0028788082
250.0,0.0035185432
250.625,0.0031187087
251.25,0.004318212
251.875,0.0027988413
252.5,0.0027188743
253.125,0.0019192054
253.75,0.002159106
254.375,0.00079966895
255.0,7.996689e-05
255.625,0.00071970205
256.25,0.0008796358
256.875,0.0067971856
257.5,0.009116226
258.125,0.04038328
258.75,0.08660415
259.375,0.06613262
260.0,0.020551492
260.625,0.0063173845
261.25,0.0055177156
261.875,0.0010395696
262.5,0.0010395696
263.125,0.0025589406
263.75,0.004318212
264.375,0.004558113
265.0,0.0016793048
265.625,0.0009596027
266.25,0.0012794703
266.875,0.0026389074
267.5,0.0027988413
268.125,0.004558113
268.75,0.00847649
269.375,0.044621527
270.0,0.116431795
270.625,0.19304007
271.25,0.12810697
271.875,0.04142285
272.5,0.01439404
273.125,0.0038384108
273.75,0.0015993379
274.375,0.00071970205
275.0,0.002239073
275.625,0.00063973514
276.25,0.0023190398
276.875,0.00359851
277.5,0.0009596027
278.125,0.0047980137
278.75,0.0040783114
279.375,0.002159106
280.0,0.00047980135
280.625,0.010795531
281.25,0.030707287
281.875,0.09140216
282.5,0.13850266
283.125,0.08052666
283.75,0.027108777
284.375,0.0079966895
285.0,0.0046380796
285.625,0.0039983448
286.25,0.002159106
286.875,0.00055976823
287.5,0.002159106
288.125,0.0035185432
288.75,0.0047980137
289.375,0.005277815
290.0,0.0020791392
290.625,0.0013594371
291.25,0.00047980135
291.875,0.002159106
292.5,0.0056776493
293.125,0.0023990069
293.75,0.020871358
294.375,0.026788909
295.0,0.011995034
295.625,0.009276159
296.25,0.0026389074
296.875,0.004558113
297.5,0.0016793048
298.125,0.0063973516
298.75,0.013274504
299.375,0.012234935
300.0,0.008556457
300.625,0.0056776493
301.25,0.005357782
301.875,0.0032786427
302.5,0.0019991724
303.125,0.005117881
303.75,0.0049579474
304.375,0.014873842
305.0,0.047420368
305.625,0.106915735
306.25,0.11331309
306.875,0.053897686
307.5,0.01671308
308.125,0.0040783114
308.75,0.0031187087
309.375,0.0012794703
310.0,0.0015993379
310.625,0.003758444
311.25,0.0024789737
311.875,0.0008796358
312.5,0.0013594371
313.125,0.0027188743
313.75,0.00039983448
314.375,0.0026389074
315.0,0.0033586095
315.625,0.0024789737
316.25,0.012634769
316.875,0.03878394
317.5,0.08052666
318.125,0.074689075
318.75,0.03134702
319.375,0.009596027
320.0,0.0055177156
320.625,0.0020791392
321.25,0.0031187087
321.875,0.0038384108
322.5,0.0013594371
323.125,0.0028788082
323.75,0.0023190398
324.375,0.0013594371
325.0,0.00359851
325.625,0.0027988413
326.25,0.0041582785
326.875,0.0036784771
327.5,0.004478146
328.125,0.008876325
328.75,0.02470977
329.375,0.04302219
330.0,0.03422583
330.625,0.013274504
331.25,0.005117881
331.875,0.00023990068
332.5,0.0028788082
333.125,0.0023990069
333.75,0.00063973514
334.375,0.0026389074
335.0,0.0011995034
335.625,0.0013594371
336.25,0.00071970205
336.875,0.0015193709
337.5,0.0011195365
338.125,0.00055976823
338.75,0.005037914
339.375,0.0039983448
340.0,0.00823659
340.625,0.019272022
341.25,0.025109604
341.875,0.01671308
342.5,0.0068771527
343.125,0.0039183777
343.75,0.0063173845
344.375,0.0028788082
345.0,0.0027988413
345.625,0.0024789737
346.25,0.0028788082
346.875,0.0027988413
347.5,0.005277815
348.125,0.0055976827
348.75,0.003758444
349.375,0.00079966895
350.0,0.0011995034
350.625,0.0054377485
351.25,0.0016793048
351.875,0.025829306
352.5,0.056776494
353.125,0.07460911
353.75,0.047260433
354.375,0.022710597
355.0,0.0075968546
355.625,0.0036784771
356.25,0.004478146
356.875,0.00079966895
357.5,0.0035185432
358.125,0.006637252
358.75,0.007436921
359.375,0.0010395696
360.0,0.005277815
360.625,0.004478146
361.25,0.002239073
361.875,0.0010395696
362.5,0.002958775
363.125,0.004238245
363.75,0.00847649
364.375,0.016793048
365.0,0.019511921
365.625,0.015353643
366.25,0.011115398
366.875,0.0047980137
367.5,0.0008796358
368.125,0.0015193709
368.75,0.0028788082
369.375,0.0047980137
370.0,0.0063973516
370.625,0.0039183777
371.25,0.0014394041
371.875,0.0019192054
372.5,0.005277815
373.125,0.005277815
373.75,0.0013594371
374.375,0.0015993379
375.0,0.0076768217
375.625,0.021191226
376.25,0.04790017
376.875,0.050778978
377.5,0.028068379
378.125,0.008956292
378.75,0.003758444
379.375,0.0039983448
380.0,0.0027988413
380.625,0.0016793048
381.25,0.0027188743
381.875,0.0033586095
382.5,0.0065572853
383.125,0.005997517
383.75,0.0012794703
384.375,0.00047980135
385.0,0.0017592716
385.625,0.0087963585
386.25,0.014633941
386.875,0.04014338
387.5,0.09715977
388.125,0.17224869
388.75,0.16009372
389.375,0.093481295
390.0,0.037104636
390.625,0.0056776493
391.25,0.005037914
391.875,0.002159106
392.5,0.0023990069
393.125,0.0048779803
393.75,0.0055976827
394.375,0.0056776493
395.0,0.0027188743
395.625,0.00359851
396.25,0.0036784771
396.875,0.0019192054
397.5,0.0031187087
398.125,0.00047980135
398.75,0.010155795
399.375,0.019511921
400.0,0.028148346
400.625,0.025349505
401.25,0.012714736
401.875,0.0048779803
402.5,0.007516888
403.125,0.0020791392
403.75,0.0015193709
404.375,7.996689e-05
405.0,0.00031986757
405.625,0.0033586095
406.25,0.003758444
406.875,0.0027988413
407.5,0.002159106
408.125,0.004478146
408.75,0.005117881
409.375,0.0047980137
410.0,0.021671027
410.625,0.046300832
411.25,0.097399674
411.875,0.13138561
412.5,0.09508064
413.125,0.045181293
413.75,0.017912583
414.375,0.006157451
415.0,0.00591755
415.625,0.0019991724
416.25,0.002159106
416.875,0.0014394041
417.5,0.004478146
418.125,0.007836755
418.75,0.0055177156
419.375,0.006637252
420.0,0.0121549675
420.625,0.009755961
421.25,0.0071170535
421.875,0.026549008
422.5,0.06413345
423.125,0.11339305
423.75,0.14330067
424.375,0.09604024
425.0,0.049979307
425.625,0.021271193
426.25,0.00591755
426.875,0.00359851
427.5,0.0024789737
428.125,0.0020791392
428.75,0.002239073
429.375,0.0011195365
430.0,0.0054377485
430.625,0.008316557
431.25,0.0038384108
431.875,0.00031986757
432.5,0.0039983448
433.125,0.0013594371
433.75,0.0076768217
434.375,0.018712252
435.0,0.035825167
435.625,0.043661922
436.25,0.029427817
436.875,0.016793048
437.5,0.008716391
438.125,0.0031986758
438.75,0.0019192054
439.375,0.0027188743
440.0,0.002239073
440.625,0.0020791392
441.25,0.0019991724
441.875,0.0039183777
442.5,0.007516888
443.125,0.0062374175
443.75,0.010155795
444.375,0.008636424
445.0,0.009835928
445.625,0.015113743
446.25,0.04190265
446.875,0.063173845
447.5,0.066292554
448.125,0.041742716
448.75,0.01799255
449.375,0.0031187087
450.0,0.0070370864
450.625,0.0039983448
451.25,0.0024789737
451.875,0.003758444
452.5,0.0055976827
453.125,0.0015193709
453.75,0.00695712
454.375,0.005997517
455.0,0.0054377485
455.625,0.005117881
456.25,0.0062374175
456.875,0.012075
457.5,0.025189571
458.125,0.043182123
458.75,0.05509719
459.375,0.049819373
460.0,0.03110712
460.625,0.010715564
461.25,0.008396524
461.875,0.0063973516
462.5,0.004558113
463.125,0.0010395696
463.75,0.008956292
464.375,0.007836755
465.0,0.005997517
465.625,0.0064773182
466.25,0.003758444
466.875,0.0039183777
467.5,0.005117881
468.125,0.0049579474
468.75,0.010715564
469.375,0.02135116
470.0,0.042382453
470.625,0.061974343
471.25,0.04989934
471.875,0.028948015
472.5,0.013594371
473.125,0.0060774838
473.75,0.005837583
474.375,0.004318212
475.0,0.00359851
475.625,0.0027988413
476.25,0.005117881
476.875,0.0027188743
477.5,0.0017592716
478.125,0.0030387419
478.75,0.0031986758
479.375,0.002159106
480.0,0.007436921
480.625,0.01567351
481.25,0.027588578
481.875,0.049739406
482.5,0.06221424
483.125,0.049579475
483.75,0.025109604
484.375,0.013594371
485.0,0.0043981792
485.625,0.007276987
486.25,0.008956292
486.875,0.0017592716
487.5,0.00039983448
488.125,0.004558113
488.75,0.007436921
489.375,0.00823659
490.0,0.0068771527
490.625,0.0031986758
491.25,0.0020791392
491.875,0.0038384108
492.5,0.012474835
493.125,0.020551492
493.75,0.0357452
494.375,0.043182123
495.0,0.027188743
495.625,0.011355299
496.25,0.0028788082
496.875,0.0023190398
497.5,0.0031986758
498.125,0.0062374175
498.75,0.0034385764
499.375,0.004318212
500.0,0.0055177156
500.625,0.009755961
501.25,0.010795531
501.875,0.005277815
502.5,0.0055976827
503.125,0.009995862
503.75,0.009276159
504.375,0.027588578
505.0,0.06149454
505.625,0.098999016
506.25,0.104356796
506.875,0.07452914
507.5,0.03654487
508.125,0.013114571
508.75,0.007276987
509.375,0.0055177156
510.0,0.009196193
510.625,0.0064773182
511.25,0.007836755
511.875,0.005037914
512.5,0.0013594371
513.125,0.0016793048
513.75,0.0017592716
514.375,0.0024789737
515.0,0.0071170535
515.625,0.0035185432
516.25,0.0055177156
516.875,0.018872187
517.5,0.029667716
518.125,0.028948015
518.75,0.017352816
519.375,0.012874669
520.0,0.008556457
520.625,0.0018392386
521.25,0.005197848
521.875,0.004558113
522.5,0.004238245
523.125,0.0054377485
523.75,0.0024789737
524.375,0.0055976827
525.0,0.0055976827
525.625,0.00359851
526.25,0.0024789737
526.875,0.0038384108
527.5,0.010235762
528.125,0.016153311
528.75,0.01799255
529.375,0.019511921
530.0,0.018872187
530.625,0.015033776
531.25,0.009436093
531.875,0.006157451
532.5,0.0016793048
533.125,0.0016793048
533.75,0.0027188743
534.375,0.0048779803
535.0,0.0033586095
535.625,0.0036784771
536.25,0.006637252
536.875,0.005357782
537.5,0.0027188743
538.125,0.006717219
538.75,0.0043981792
539.375,0.006157451
540.0,0.018392386
540.625,0.02598924
541.25,0.034625664
541.875,0.033266228
542.5,0.021031292
543.125,0.007516888
543.75,0.0077567887
544.375,0.00695712
545.0,0.0008796358
545.625,0.0025589406
546.25,0.0019192054
546.875,0.0049579474
547.5,0.008876325
548.125,0.0048779803
548.75,0.0011195365
549.375,0.0056776493
550.0,0.0077567887
550.625,0.0019192054
551.25,0.005197848
551.875,0.009835928
552.5,0.01647318
553.125,0.021990895
553.75,0.017672684
554.375,0.012394869
555.0,0.0064773182
555.625,0.00591755
556.25,0.010155795
556.875,0.0065572853
557.5,0.0063173845
558.125,0.0047180466
558.75,0.00039983448
559.375,0.0023190398
560.0,0.0040783114
560.625,0.0009596027
561.25,0.0047180466
561.875,0.005277815
562.5,0.005357782
563.125,0.018392386
563.75,0.020471524
564.375,0.029907618
565.0,0.034865566
565.625,0.024309935
566.25,0.014553974
566.875,0.010395696
567.5,0.0055177156
568.125,0.0043981792
568.75,0.009915895
569.375,0.007436921
570.0,0.00359851
570.625,0.0023190398
571.25,0.0027188743
571.875,0.0049579474
572.5,0.0032786427
573.125,0.0019991724
573.75,0.0071170535
574.375,0.011755133
575.0,0.017112914
575.625,0.031586923
576.25,0.04654073
576.875,0.051498678
577.5,0.042942222
578.125,0.024070034
578.75,0.011435266
579.375,0.0014394041
580.0,0.0065572853
580.625,0.002159106
581.25,0.007436921
581.875,0.008316557
582.5,0.0033586095
583.125,0.0031187087
583.75,0.00695712
584.375,0.0034385764
585.0,0.00359851
585.625,0.004318212
586.25,0.014474007
586.875,0.017112914
587.5,0.030147519
588.125,0.044701494
588.75,0.04214255
589.375,0.03390596
590.0,0.017432783
590.625,0.010635597
591.25,0.0026389074
591.875,0.0009596027
592.5,0.0055976827
593.125,0.0030387419
593.75,0.002958775
594.375,0.0030387419
595.0,0.0012794703
595.625,0.0025589406
596.25,0.0067971856
596.875,0.0087963585
597.5,0.0046380796
598.125,0.005997517
598.75,0.021511095
599.375,0.0355053
600.0,0.045341227
600.625,0.042062584
601.25,0.034145862
601.875,0.018152485
602.5,0.008316557
603.125,0.0027988413
603.75,7.996689e-05
604.375,0.0043981792
605.0,0.0023990069
605.625,0.0015993379
606.25,0.00359851
606.875,0.0046380796
607.5,0.0018392386
608.125,0.0028788082
608.75,0.0012794703
609.375,0.005117881
610.0,0.009196193
610.625,0.021511095
611.25,0.03318626
611.875,0.035585266
612.5,0.03342616
613.125,0.024629803
613.75,0.0112753315
614.375,0.006637252
615.0,0.0025589406
615.625,0.00063973514
616.25,0.0031986758
616.875,0.0040783114
617.5,0.0019991724
618.125,0.0023190398
618.75,0.002958775
619.375,0.004318212
620.0,0.0039183777
620.625,0.004318212
621.25,0.005197848
621.875,0.005197848
622.5,0.017432783
623.125,0.022470696
623.75,0.020551492
624.375,0.01903212
625.0,0.014793875
625.625,0.010715564
626.25,0.0019991724
626.875,0.006637252
627.5,0.004558113
628.125,0.004318212
628.75,0.0041582785
629.375,0.0023190398
630.0,0.0015993379
630.625,0.0035185432
631.25,0.0020791392
631.875,0.0010395696
632.5,0.0023190398
633.125,0.0043981792
633.75,0.005277815
634.375,0.013674338
635.0,0.023830134
635.625,0.026948843
636.25,0.023350332
636.875,0.014873842
637.5,0.0067971856
638.125,0.00359851
638.75,0.0031187087
639.375,0.00359851
640.0,0.0018392386
640.625,0.0023190398
641.25,0.0014394041
641.875,0.0036784771
642.5,0.0028788082
643.125,0.0013594371
643.75,0.0011995034
644.375,0.004558113
645.0,0.009276159
645.625,0.016313246
646.25,0.029987585
646.875,0.03886391
647.5,0.039503645
648.125,0.032066725
648.75,0.018472353
649.375,0.010795531
650.0,0.003758444
650.625,0.0024789737
651.25,0.005117881
651.875,0.0038384108
652.5,0.0019192054
653.125,0.0009596027
653.75,0.0015193709
654.375,0.002958775
655.0,0.0040783114
655.625,0.003758444
656.25,0.0047180466
656.875,0.005277815
657.5,0.012874669
658.125,0.017912583
658.75,0.025829306
659.375,0.025349505
660.0,0.014553974
660.625,0.012075
661.25,0.0046380796
661.875,0.006717219
662.5,0.0015993379
663.125,0.00079966895
663.75,0.0018392386
664.375,0.00063973514
665.0,0.0023190398
665.625,0.0023190398
666.25,0.0034385764
666.875,0.0017592716
667.5,0.002159106
668.125,0.004238245
668.75,0.007916722
669.375,0.017352816
670.0,0.02726871
670.625,0.031826824
671.25,0.031027155
671.875,0.02598924
672.5,0.012075
673.125,0.0043981792
673.75,0.0016793048
674.375,0.0041582785
675.0,0.0028788082
675.625,0.0030387419
676.25,0.0038384108
676.875,0.004478146
677.5,0.00063973514
678.125,0.0046380796
678.75,0.004318212
679.375,0.005037914
680.0,0.0043981792
680.625,0.0073569543
681.25,0.017912583
681.875,0.02550944
682.5,0.026149174
683.125,0.021990895
683.75,0.017192882
684.375,0.010475663
685.0,0.0068771527
685.625,0.0016793048
686.25,0.0027988413
686.875,0.0034385764
687.5,0.0038384108
688.125,0.0027988413
688.75,0.00359851
689.375,0.0030387419
690.0,0.00055976823
690.625,0.00359851
691.25,0.002958775
691.875,0.002958775
692.5,0.008636424
693.125,0.0115952
693.75,0.01751275
694.375,0.016873015
695.0,0.013434438
695.625,0.0118351
696.25,0.009196193
696.875,0.0047980137
697.5,0.0019192054
698.125,0.00359851
698.75,0.0025589406
699.375,0.0018392386
700.0,0.0018392386
700.625,0.0018392386
701.25,0.0031187087
701.875,0.0028788082
702.5,0.0027188743
703.125,0.0017592716
703.75,0.004318212
704.375,0.008156623
705.0,0.017192882
705.625,0.019431954
706.25,0.020231623
706.875,0.018552318
707.5,0.015033776
708.125,0.0073569543
708.75,0.0048779803
709.375,0.003758444
710.0,0.0027988413
710.625,0.0015193709
711.25,0.0026389074
711.875,0.00071970205
712.5,0.0015993379
713.125,0.00071970205
713.75,0.0013594371
714.375,0.0031986758
715.0,0.0023190398
715.625,0.008076656
716.25,0.013594371
716.875,0.029427817
717.5,0.034145862
718.125,0.03134702
718.75,0.027188743
719.375,0.018632285
720.0,0.005117881
720.625,0.0055976827
721.25,0.0028788082
721.875,0.005037914
722.5,0.0040783114
723.125,0.003758444
723.75,0.0027188743
724.375,0.0035185432
725.0,0.003758444
725.625,0.0031187087
726.25,0.0032786427
726.875,0.004478146
727.5,0.0033586095
728.125,0.0073569543
728.75,0.009995862
729.375,0.009995862
730.0,0.007836755
730.625,0.005197848
731.25,0.0036784771
731.875,0.003758444
732.5,0.0028788082
733.125,0.0013594371
733.75,0.00055976823
734.375,0.0009596027
735.0,0.0039983448
735.625,0.005997517
736.25,0.0040783114
736.875,0.0011995034
737.5,0.0013594371
738.125,0.0027988413
738.75,0.0026389074
739.375,0.0046380796
740.0,0.0065572853
740.625,0.010715564
741.25,0.011755133
741.875,0.011755133
742.5,0.013274504
743.125,0.011035431
743.75,0.0031187087
744.375,0.0009596027
745.0,0.0011995034
745.625,0.002239073
746.25,0.0030387419
746.875,0.0027188743
747.5,0.0032786427
748.125,0.0013594371
748.75,0.0017592716
749.375,0.0030387419
750.0,0.0035185432
750.625,0.0031187087
751.25,0.0036784771
751.875,0.008316557
752.5,0.0121549675
753.125,0.011035431
753.75,0.010955464
754.375,0.011195365
755.0,0.007276987
755.625,0.0041582785
756.25,0.0017592716
756.875,0.0018392386
757.5,0.0019991724
758.125,0.0012794703
758.75,0.0027188743
759.375,0.0014394041
760.0,0.0019991724
760.625,0.0015993379
761.25,0.00079966895
761.875,0.0030387419
762.5,0.0057576164
763.125,0.0070370864
763.75,0.015353643
764.375,0.019511921
765.0,0.019272022
765.625,0.016873015
766.25,0.012554802
766.875,0.0068771527
767.5,0.0054377485
768.125,0.0019991724
768.75,0.0013594371
769.375,0.0008796358
770.0,0.0009596027
770.625,0.0011995034
771.25,0.0014394041
771.875,0.0009596027
772.5,0.0024789737
773.125,0.0016793048
773.75,0.004318212
774.375,0.0067971856
775.0,0.015193709
775.625,0.022950498
776.25,0.027988411
776.875,0.028948015
777.5,0.027588578
778.125,0.01671308
778.75,0.010635597
779.375,0.0035185432
780.0,0.0025589406
780.625,0.0016793048
781.25,0.0019192054
781.875,0.003758444
782.5,0.0031187087
783.125,0.0032786427
783.75,0.002159106
784.375,0.0015193709
785.0,0.0049579474
785.625,0.005117881
786.25,0.008876325
786.875,0.021750994
787.5,0.029267883
788.125,0.03422583
788.75,0.03350613
789.375,0.031267054
790.0,0.024789738
790.625,0.011995034
791.25,0.00695712
791.875,0.0049579474
792.5,0.0012794703
793.125,0.00039983448
793.75,0.0008796358
794.375,0.00055976823
795.0,0.0025589406
795.625,0.0023990069
796.25,0.00079966895
796.875,0.006637252
797.5,0.0062374175
798.125,0.010715564
798.75,0.021271193
799.375,0.028228313
800.0,0.034305796
800.625,0.034065895
801.25,0.027908446
801.875,0.017352816
802.5,0.0118351
803.125,0.004558113
803.75,0.0031986758
804.375,0.002958775
805.0,0.0015193709
805.625,0.0011995034
806.25,0.00063973514
806.875,0.0018392386
807.5,0.0031986758
808.125,0.0030387419
808.75,0.00079966895
809.375,0.0028788082
810.0,0.0010395696
810.625,0.0020791392
811.25,0.0049579474
811.875,0.006637252
812.5,0.00591755
813.125,0.00359851
813.75,0.0009596027
814.375,0.0009596027
815.0,0.0026389074
815.625,0.0025589406
816.25,0.0018392386
816.875,0.0016793048
817.5,0.0020791392
818.125,0.0015193709
818.75,0.0031187087
819.375,0.0032786427
820.0,0.0027988413
820.625,0.003758444
821.25,0.008956292
821.875,0.020951325
822.5,0.025749339
823.125,0.034065895
823.75,0.03686474
824.375,0.033825997
825.0,0.025589406
825.625,0.01647318
826.25,0.010315729
826.875,0.005837583
827.5,0.0031986758
828.125,0.0016793048
828.75,0.0012794703
829.375,0.0011995034
830.0,0.002159106
830.625,0.0024789737
831.25,0.0031187087
831.875,0.0033586095
832.5,0.0065572853
833.125,0.0068771527
833.75,0.006157451
834.375,0.010075828
835.0,0.014953809
835.625,0.01647318
836.25,0.0138342725
836.875,0.011115398
837.5,0.0049579474
838.125,0.0049579474
838.75,0.0027988413
839.375,0.0013594371
840.0,0.00063973514
840.625,0.0019192054
841.25,0.00063973514
841.875,0.00031986757
842.5,0.0011195365
843.125,0.0023190398
843.75,0.0020791392
844.375,0.0024789737
845.0,0.00031986757
845.625,0.00047980135
846.25,0.0028788082
846.875,0.0033586095
847.5,0.0027188743
848.125,0.0023990069
848.75,0.004478146
849.375,0.0036784771
850.0,0.0009596027
850.625,0.00071970205
851.25,0.0014394041
851.875,0.0016793048
852.5,0.0035185432
853.125,0.0024789737
853.75,0.0015193709
854.375,0.0024789737
855.0,0.00071970205
855.625,0.005197848
856.25,0.0063973516
856.875,0.0071170535
857.5,0.01671308
858.125,0.023110433
858.75,0.025909273
859.375,0.025429472
860.0,0.023350332
860.625,0.019671855
861.25,0.013674338
861.875,0.00591755
862.5,0.0025589406
863.125,0.00047980135
863.75,0.0017592716
864.375,0.0023190398
865.0,0.00039983448
865.625,0.00047980135
866.25,0.0019192054
866.875,0.0011995034
867.5,0.0023990069
868.125,0.0049579474
868.75,0.0121549675
869.375,0.018472353
870.0,0.023030465
870.625,0.026868876
871.25,0.026229141
871.875,0.022310764
872.5,0.016553147
873.125,0.010475663
873.75,0.0063173845
874.375,0.0017592716
875.0,0.0023990069
875.625,0.0019192054
876.25,0.0013594371
876.875,0.0020791392
877.5,0.0015993379
878.125,0.0012794703
878.75,0.0019192054
879.375,0.0048779803
880.0,0.007516888
880.625,0.0064773182
881.25,0.012634769
881.875,0.015353643
882.5,0.015033776
883.125,0.0138342725
883.75,0.012634769
884.375,0.010635597
885.0,0.00591755
885.625,0.0048779803
886.25,0.0020791392
886.875,0.0015993379
887.5,0.0024789737
888.125,0.0011195365
888.75,0.0011195365
889.375,0.00055976823
890.0,0.0018392386
890.625,0.0027988413
891.25,0.0070370864
891.875,0.011195365
892.5,0.019272022
893.125,0.026708942
893.75,0.03142699
894.375,0.033825997
895.0,0.030787254
895.625,0.025749339
896.25,0.017432783
896.875,0.010315729
897.5,0.00591755
898.125,0.0038384108
898.75,0.0017592716
899.375,0.0023190398
900.0,0.0015193709
900.625,0.0016793048
901.25,0.0011995034
901.875,0.00079966895
902.5,0.0013594371
903.125,0.0035185432
903.75,0.0023190398
904.375,0.00039983448
905.0,0.0008796358
905.625,0.00079966895
906.25,0.00071970205
906.875,0.00023990068
907.5,0.0013594371
908.125,0.0015993379
908.75,0.0010395696
909.375,0.0015993379
910.0,0.00031986757
910.625,0.0008796358
911.25,0.00063973514
911.875,0.0015993379
912.5,0.002159106
913.125,0.0014394041
913.75,0.0011195365
914.375,0.0030387419
915.0,0.0011995034
915.625,0.00591755
916.25,0.0068771527
916.875,0.007436921
917.5,0.010155795
918.125,0.010635597
918.75,0.009436093
919.375,0.006717219
920.0,0.0047180466
920.625,0.0027988413
921.25,0.0030387419
921.875,0.0020791392
922.5,0.0013594371
923.125,0.00015993378
923.75,0.00055976823
924.375,0.0010395696
925.0,0.00063973514
925.625,0.0032786427
926.25,0.00055976823
926.875,0.008316557
927.5,0.01055563
928.125,0.012634769
928.75,0.014873842
929.375,0.019351987
930.0,0.019511921
930.625,0.016793048
931.25,0.0129546365
931.875,0.007436921
932.5,0.0062374175
933.125,0.0033586095
933.75,0.0015993379
934.375,0.0023190398
935.0,0.0026389074
935.625,0.0012794703
936.25,0.00055976823
936.875,0.0015193709
937.5,0.0015193709
938.125,0.004558113
938.75,0.0026389074
939.375,0.009276159
940.0,0.012554802
940.625,0.014314074
941.25,0.015353643
941.875,0.014633941
942.5,0.011995034
943.125,0.00847649
943.75,0.005197848
944.375,0.002958775
945.0,0.0035185432
945.625,0.0012794703
946.25,0.0011195365
946.875,0.0018392386
947.5,0.0019991724
948.125,0.0023190398
948.75,0.0018392386
949.375,0.00063973514
950.0,0.0025589406
950.625,0.0035185432
951.25,0.0076768217
951.875,0.008396524
952.5,0.009835928
953.125,0.010635597
953.75,0.009835928
954.375,0.008556457
955.0,0.005277815
955.625,0.0030387419
956.25,0.0031986758
956.875,0.00047980135
957.5,0.0014394041
958.125,0.0018392386
958.75,0.0016793048
959.375,0.0015193709
960.0,0.00039983448
960.625,0.0023190398
961.25,0.0024789737
961.875,0.0038384108
962.5,0.0073569543
963.125,0.011115398
963.75,0.014953809
964.375,0.016393213
965.0,0.017432783
965.625,0.016553147
966.25,0.014074173
966.875,0.012314902
967.5,0.0063173845
968.125,0.0046380796
968.75,0.0012794703
969.375,0.0014394041
970.0,0.00031986757
970.625,0.00071970205
971.25,0.0009596027
971.875,0.0023990069
972.5,0.0015993379
973.125,0.0030387419
973.75,0.004478146
974.375,0.0112753315
975.0,0.015593544
975.625,0.018872187
976.25,0.021191226
976.875,0.021750994
977.5,0.019351987
978.125,0.016553147
978.75,0.012234935
979.375,0.008316557
980.0,0.0040783114
980.625,0.0031187087
981.25,0.00079966895
981.875,0.0010395696
982.5,0.0012794703
983.125,0.00031986757
983.75,0.0011195365
984.375,0.0014394041
985.0,0.00063973514
985.625,0.0032786427
986.25,0.0014394041
986.875,0.005277815
987.5,0.0055976827
988.125,0.005037914
988.75,0.005117881
989.375,0.0055177156
990.0,0.0047980137
990.625,0.0024789737
991.25,0.0013594371
991.875,0.0010395696
992.5,0.0009596027
993.125,0.00079966895
993.75,0.00063973514
994.375,0.0014394041
995.0,0.0014394041
995.625,0.0009596027
996.25,0.0019192054
996.875,0.0028788082
997.5,0.00823659
998.125,0.013754305
998.75,0.015753478
999.375,0.017912583
1000.0,0.019751823
1000.625,0.019911757
1001.25,0.018232452
1001.875,0.016313246
1002.5,0.011115398
1003.125,0.006717219
1003.75,0.0034385764
1004.375,0.002958775
1005.0,0.00047980135
1005.625,0.002159106
1006.25,0.00039983448
1006.875,0.00015993378
1007.5,0.00039983448
1008.125,0.002159106
1008.75,0.0034385764
1009.375,0.0035185432
1010.0,0.008556457
1010.625,0.010795531
1011.25,0.013194537
1011.875,0.014713909
1012.5,0.014074173
1013.125,0.011995034
1013.75,0.010715564
1014.375,0.008316557
1015.0,0.00359851
1015.625,0.0041582785
1016.25,0.0013594371
1016.875,0.0011995034
1017.5,0.0025589406
1018.125,0.0011195365
1018.75,0.0011995034
1019.375,0.0023190398
1020.0,0.002958775
1020.625,0.0011995034
1021.25,0.0038384108
1021.875,0.005037914
1022.5,0.005837583
1023.125,0.0073569543
1023.75,0.00847649
1024.375,0.0076768217
1025.0,0.0065572853
1025.625,0.00591755
1026.25,0.0018392386
1026.875,0.0026389074
1027.5,0.0025589406
1028.125,0.0011995034
1028.75,0.0013594371
1029.375,0.0008796358
1030.0,0.0015993379
1030.625,0.0020791392
1031.25,0.0016793048
1031.875,0.0017592716
1032.5,0.0040783114
1033.125,0.0030387419
1033.75,0.002958775
1034.375,0.0055976827
1035.0,0.0071170535
1035.625,0.007276987
1036.25,0.0067971856
1036.875,0.0062374175
1037.5,0.0031986758
1038.125,0.002958775
1038.75,0.0018392386
1039.375,0.0009596027
1040.0,0.00039983448
1040.625,0.00039983448
1041.25,0.0008796358
1041.875,0.0012794703
1042.5,0.0015193709
1043.125,0.0008796358
1043.75,0.0016793048
1044.375,0.002239073
1045.0,0.0031187087
1045.625,0.0025589406
1046.25,0.002159106
1046.875,0.0035185432
1047.5,0.0031187087
1048.125,0.0023990069
1048.75,0.0031986758
1049.375,0.002159106
1050.0,0.0011995034
1050.625,0.0009596027
1051.25,0.002239073
1051.875,0.00031986757
1052.5,0.0014394041
1053.125,0.0019192054
1053.75,0.0024789737
1054.375,0.0011195365
1055.0,0.0012794703
1055.625,0.0031187087
1056.25,0.005357782
1056.875,0.008076656
1057.5,0.009196193
1058.125,0.012474835
1058.75,0.014074173
1059.375,0.013754305
1060.0,0.011915067
1060.625,0.009995862
1061.25,0.0076768217
1061.875,0.005037914
1062.5,0.0038384108
1063.125,0.0019991724
1063.75,0.0016793048
1064.375,0.00039983448
1065.0,0.00055976823
1065.625,0.0018392386
1066.25,0.0011195365
1066.875,0.0016793048
1067.5,0.0031187087
1068.125,0.005117881
1068.75,0.010315729
1069.375,0.012794703
1070.0,0.014074173
1070.625,0.014314074
1071.25,0.01415414
1071.875,0.013994206
1072.5,0.011915067
1073.125,0.008636424
1073.75,0.0049579474
1074.375,0.0038384108
1075.0,0.0015193709
1075.625,0.0011195365
1076.25,0.0015193709
1076.875,0.0018392386
1077.5,0.0011995034
1078.125,0.0015193709
1078.75,0.0012794703
1079.375,0.0039983448
1080.0,0.0060774838
1080.625,0.0077567887
1081.25,0.011195365
1081.875,0.012794703
1082.5,0.013594371
1083.125,0.013754305
1083.75,0.013434438
1084.375,0.010395696
1085.0,0.006717219
1085.625,0.0049579474
1086.25,0.0035185432
1086.875,0.0023190398
1087.5,0.0015993379
1088.125,0.0008796358
1088.75,0.0013594371
1089.375,0.0019192054
1090.0,0.0023190398
1090.625,0.00015993378
1091.25,0.0015993379
1091.875,0.0012794703
1092.5,0.0016793048
1093.125,0.002958775
1093.75,0.004318212
1094.375,0.0048779803
1095.0,0.005037914
1095.625,0.0047180466
1096.25,0.0038384108
1096.875,0.00031986757
1097.5,0.0027188743
1098.125,0.0010395696
1098.75,0.0009596027
1099.375,0.0012794703
1100.0,0.0011195365
1100.625,0.0011195365
1101.25,0.0015193709
1101.875,0.0009596027
1102.5,0.0039983448
1103.125,0.006157451
1103.75,0.0075968546
1104.375,0.011435266
1105.0,0.014314074
1105.625,0.015753478
1106.25,0.016633114
1106.875,0.016633114
1107.5,0.014234107
1108.125,0.009835928
1108.75,0.007916722
1109.375,0.0043981792
1110.0,0.002239073
1110.625,0.0011995034
1111.25,0.0011995034
1111.875,0.0019991724
1112.5,0.0020791392
1113.125,0.0014394041
1113.75,0.0047980137
1114.375,0.0060774838
1115.0,0.007436921
1115.625,0.013594371
1116.25,0.018072518
1116.875,0.021031292
1117.5,0.023910102
1118.125,0.024789738
1118.75,0.023270365
1119.375,0.019511921
1120.0,0.015353643
1120.625,0.009835928
1121.25,0.00847649
1121.875,0.003758444
1122.5,0.0027188743
1123.125,0.00063973514
1123.75,0.0031986758
1124.375,0.0018392386
1125.0,0.00047980135
1125.625,0.0013594371
1126.25,0.0013594371
1126.875,0.002159106
1127.5,0.002159106
1128.125,0.0025589406
1128.75,0.004318212
1129.375,0.0027988413
1130.0,0.0024789737
1130.625,0.0023190398
1131.25,0.0032786427
1131.875,0.0023990069
1132.5,0.0010395696
1133.125,0.0011195365
1133.75,0.0010395696
1134.375,0.0014394041
1135.0,0.0027188743
1135.625,0.0033586095
1136.25,0.0025589406
1136.875,0.0020791392
1137.5,0.0026389074
1138.125,0.0040783114
1138.75,0.0043981792
1139.375,0.0055177156
1140.0,0.008076656
1140.625,0.009196193
1141.25,0.009835928
1141.875,0.010155795
1142.5,0.009436093
1143.125,0.008156623
1143.75,0.00719702
1144.375,0.005197848
1145.0,0.0023990069
1145.625,0.002239073
1146.25,0.004558113
1146.875,0.0014394041
1147.5,0.00071970205
1148.125,0.00063973514
1148.75,0.0011995034
1149.375,0.0019991724
1150.0,0.003758444
1150.625,0.005277815
1151.25,0.00591755
1151.875,0.007516888
1152.5,0.0077567887
1153.125,0.009356126
1153.75,0.009596027
1154.375,0.0075968546
1155.0,0.0068771527
1155.625,0.0063973516
1156.25,0.0034385764
1156.875,0.0015993379
1157.5,0.0012794703
1158.125,0.004318212
1158.75,0.0031187087
1159.375,0.0018392386
1160.0,0.0016793048
1160.625,0.0009596027
1161.25,0.0024789737
1161.875,0.002958775
1162.5,0.0055976827
1163.125,0.00695712
1163.75,0.009835928
1164.375,0.010955464
1165.0,0.010795531
1165.625,0.011755133
1166.25,0.011035431
1166.875,0.008556457
1167.5,0.006717219
1168.125,0.0040783114
1168.75,0.0019991724
1169.375,0.0009596027
1170.0,0.0018392386
1170.625,0.0023990069
1171.25,0.0015193709
1171.875,0.0013594371
1172.5,0.0014394041
1173.125,0.0033586095
1173.75,0.004478146
1174.375,0.007436921
1175.0,0.010395696
1175.625,0.014074173
1176.25,0.01567351
1176.875,0.015593544
1177.5,0.014474007
1178.125,0.0112753315
1178.75,0.008556457
1179.375,0.008156623
1180.0,0.0046380796
1180.625,0.0026389074
1181.25,0.0027188743
1181.875,0.0011995034
1182.5,0.0031187087
1183.125,0.0013594371
1183.75,0.0030387419
1184.375,0.0013594371
1185.0,0.00591755
1185.625,0.007516888
1186.25,0.010475663
1186.875,0.015353643
1187.5,0.017032947
1188.125,0.01775265
1188.75,0.018392386
1189.375,0.018072518
1190.0,0.015993379
1190.625,0.0121549675
1191.25,0.009196193
1191.875,0.007516888
1192.5,0.0027188743
1193.125,0.0023990069
1193.75,0.0013594371
1194.375,0.0010395696
1195.0,0.0019991724
1195.625,0.0017592716
1196.25,0.0011195365
1196.875,0.0014394041
1197.5,0.0026389074
1198.125,0.005837583
1198.75,0.0073569543
1199.375,0.0087963585
1200.0,0.008396524
1200.625,0.0073569543
1201.25,0.0077567887
1201.875,0.0070370864
1202.5,0.0064773182
1203.125,0.0063973516
1203.75,0.0026389074
1204.375,0.00023990068
1205.0,0.0030387419
1205.625,0.004238245
1206.25,0.0017592716
1206.875,0.0011195365
1207.5,0.0014394041
1208.125,0.002239073
1208.75,0.005037914
1209.375,0.005837583
1210.0,0.0070370864
1210.625,0.009436093
1211.25,0.012075
1211.875,0.014314074
1212.5,0.013754305
1213.125,0.010955464
1213.75,0.008556457
1214.375,0.009436093
1215.0,0.0070370864
1215.625,0.0013594371
1216.25,0.0041582785
1216.875,0.00031986757
1217.5,0.0018392386
1218.125,0.002159106
1218.75,0.00071970205
1219.375,0.00055976823
1220.0,0.0016793048
1220.625,0.0015993379
1221.25,0.0018392386
1221.875,0.0
1222.5,0.0018392386
1223.125,0.0024789737
1223.75,0.004558113
1224.375,0.005197848
1225.0,0.0031986758
1225.625,0.0010395696
1226.25,0.0023990069
1226.875,0.0009596027
1227.5,0.0010395696
1228.125,0.0027988413
1228.75,0.0049579474
1229.375,0.0027988413
1230.0,0.0008796358
1230.625,0.0049579474
1231.25,0.0046380796
1231.875,0.0039183777
1232.5,0.008156623
1233.125,0.0077567887
1233.75,0.012474835
1234.375,0.014873842
1235.0,0.016393213
1235.625,0.018472353
1236.25,0.01775265
1236.875,0.015033776
1237.5,0.012474835
1238.125,0.011435266
1238.75,0.0063173845
1239.375,0.0028788082
1240.0,0.0055976827
1240.625,0.0057576164
1241.25,0.0048779803
1241.875,0.0019991724
1242.5,0.00359851
1243.125,0.002239073
1243.75,0.00591755
1244.375,0.0047180466
1245.0,0.012234935
1245.625,0.016233278
1246.25,0.017192882
1246.875,0.016553147
1247.5,0.017032947
1248.125,0.018152485
1248.75,0.017352816
1249.375,0.01391424
1250.0,0.00951606
1250.625,0.0064773182
1251.25,0.0067971856
1251.875,0.007436921
1252.5,0.007436921
1253.125,0.0055177156
1253.75,0.0019991724
1254.375,0.0016793048
1255.0,0.0040783114
1255.625,0.0024789737
1256.25,0.0046380796
1256.875,0.005277815
1257.5,0.0077567887
1258.125,0.010315729
1258.75,0.010635597
1259.375,0.009276159
1260.0,0.009356126
1260.625,0.009036259
1261.25,0.007916722
1261.875,0.0064773182
1262.5,0.004478146
1263.125,0.0018392386
1263.75,0.0015193709
1264.375,0.0014394041
1265.0,0.00055976823
1265.625,0.0018392386
1266.25,0.0020791392
1266.875,0.0019991724
1267.5,0.0015993379
1268.125,0.0027988413
1268.75,0.0014394041
1269.375,0.0008796358
1270.0,0.00063973514
1270.625,0.0018392386
1271.25,0.0024789737
1271.875,0.004318212
1272.5,0.0020791392
1273.125,0.0023990069
1273.75,0.002239073
1274.375,0.005037914
1275.0,0.0025589406
1275.625,0.010155795
1276.25,0.008716391
1276.875,0.0049579474
1277.5,0.0064773182
1278.125,0.0023190398
1278.75,0.002159106
1279.375,0.0023190398
1280.0,0.007516888
1280.625,0.011675166
1281.25,0.009596027
1281.875,0.00823659
1282.5,0.008556457
1283.125,0.012554802
1283.75,0.015593544
1284.375,0.011995034
1285.0,0.010475663
1285.625,0.006717219
1286.25,0.0046380796
1286.875,0.0034385764
1287.5,0.015753478
1288.125,0.008396524
1288.75,0.0018392386
1289.375,0.00591755
1290.0,0.006717219
1290.625,0.0015993379
1291.25,0.005277815
1291.875,0.003758444
1292.5,0.0015993379
1293.125,0.004478146
1293.75,0.005037914
1294.375,0.006637252
1295.0,0.00823659
1295.625,0.0055976827
1296.25,0.0028788082
1296.875,0.005357782
1297.5,0.0014394041
1298.125,0.0055976827
1298.75,0.009675994
1299.375,0.018072518
1300.0,0.012794703
1300.625,0.0062374175
1301.25,0.0009596027
1301.875,0.005997517
1302.5,0.00031986757
1303.125,0.008876325
1303.75,0.009596027
1304.375,0.0063973516
1305.0,0.009995862
1305.625,0.011035431
1306.25,0.012874669
1306.875,0.013114571
1307.5,0.010075828
1308.125,0.010475663
1308.75,0.0087963585
1309.375,0.0039183777
1310.0,0.0048779803
1310.625,0.007836755
1311.25,0.010395696
1311.875,0.0064773182
1312.5,0.0055976827
1313.125,0.0012794703
1313.75,0.00071970205
1314.375,0.00359851
1315.0,0.0030387419
1315.625,0.0047980137
1316.25,0.0049579474
1316.875,0.0055177156
1317.5,0.009036259
1318.125,0.011915067
1318.75,0.008956292
1319.375,0.005357782
1320.0,0.007516888
1320.625,0.00695712
1321.25,0.0016793048
1321.875,0.0032786427
1322.5,0.010235762
1323.125,0.013274504
1323.75,0.008956292
1324.375,0.0047980137
1325.0,0.006157451
1325.625,0.00823659
1326.25,0.0039983448
1326.875,0.009835928
1327.5,0.0063973516
1328.125,0.005037914
1328.75,0.008636424
1329.375,0.0064773182
1330.0,0.0032786427
1330.625,0.009116226
1331.25,0.00823659
1331.875,0.0060774838
1332.5,0.00847649
1333.125,0.0038384108
1333.75,0.0068771527
1334.375,0.010475663
1335.0,0.011995034
1335.625,0.0049579474
1336.25,0.012634769
1336.875,0.011995034
1337.5,0.0012794703
1338.125,0.0112753315
1338.75,0.014074173
1339.375,0.009755961
1340.0,0.0024789737
1340.625,0.013994206
1341.25,0.013994206
1341.875,0.0063173845
1342.5,0.0036784771
1343.125,0.005037914
1343.75,0.0027988413
1344.375,0.00823659
1345.0,0.0019991724
1345.625,0.009995862
1346.25,0.02007169
1346.875,0.016873015
1347.5,0.0038384108
1348.125,0.013434438
1348.75,0.013194537
1349.375,0.004478146
1350.0,0.010315729
1350.625,0.00847649
1351.25,0.018312419
1351.875,0.017672684
1352.5,0.013114571
1353.125,0.017032947
1353.75,0.019671855
1354.375,0.019192055
1355.0,0.013354471
1355.625,0.005197848
1356.25,0.006157451
1356.875,0.005277815
1357.5,0.0049579474
1358.125,0.009995862
1358.75,0.010475663
1359.375,0.008716391
1360.0,0.005997517
1360.625,0.0034385764
1361.25,0.008156623
1361.875,0.0075968546
1362.5,0.005837583
1363.125,0.0112753315
1363.75,0.016313246
1364.375,0.019351987
1365.0,0.021591062
1365.625,0.020391557
1366.25,0.016233278
1366.875,0.013594371
1367.5,0.010475663
1368.125,0.008716391
1368.75,0.013194537
1369.375,0.013194537
1370.0,0.01879222
1370.625,0.011355299
1371.25,0.006157451
1371.875,0.0056776493
1372.5,0.00719702
1373.125,0.004238245
1373.75,0.002239073
1374.375,0.0011195365
1375.0,0.0039983448
1375.625,0.0039983448
1376.25,0.0032786427
1376.875,0.005357782
1377.5,0.005277815
1378.125,0.0033586095
1378.75,0.004238245
1379.375,0.0062374175
1380.0,0.0079966895
1380.625,0.005837583
1381.25,0.011755133
1381.875,0.020151656
1382.5,0.0067971856
1383.125,0.0031986758
1383.75,0.009356126
1384.375,0.0047980137
1385.0,0.009276159
1385.625,0.005997517
1386.25,0.0041582785
1386.875,0.010635597
1387.5,0.015273676
1388.125,0.018552318
1388.75,0.019911757
1389.375,0.01671308
1390.0,0.010395696
1390.625,0.009436093
1391.25,0.0027188743
1391.875,0.0121549675
1392.5,0.0023190398
1393.125,0.02830828
1393.75,0.03294636
1394.375,0.016633114
1395.0,0.007436921
1395.625,0.012554802
1396.25,0.010395696
1396.875,0.006717219
1397.5,0.008556457
1398.125,0.004318212
1398.75,0.0121549675
1399.375,0.01543361
1400.0,0.019431954
1400.625,0.021031292
1401.25,0.018152485
1401.875,0.0121549675
1402.5,0.0060774838
1403.125,0.0062374175
1403.75,0.010315729
1404.375,0.0062374175
1405.0,0.01647318
1405.625,0.020231623
1406.25,0.015193709
1406.875,0.009596027
1407.5,0.0023190398
1408.125,0.009675994
1408.75,0.007836755
1409.375,0.0038384108
1410.0,0.009835928
1410.625,0.012634769
1411.25,0.009755961
1411.875,0.012314902
1412.5,0.013594371
1413.125,0.009995862
1413.75,0.0075968546
1414.375,0.0054377485
1415.0,0.0018392386
1415.625,0.0067971856
1416.25,0.0038384108
1416.875,0.0070370864
1417.5,0.004558113
1418.125,0.00951606
1418.75,0.014314074
1419.375,0.0087963585
1420.0,0.0047980137
1420.625,0.010715564
1421.25,0.011035431
1421.875,0.0077567887
1422.5,0.0068771527
1423.125,0.005277815
1423.75,0.005357782
1424.375,0.009995862
1425.0,0.0071170535
1425.625,0.0055177156
1426.25,0.01055563
1426.875,0.0018392386
1427.5,0.011355299
1428.125,0.0019991724
1428.75,0.016553147
1429.375,0.016873015
1430.0,0.007836755
1430.625,0.009356126
1431.25,0.010235762
1431.875,0.0056776493
1432.5,0.005997517
1433.125,0.0087963585
1433.75,0.012474835
1434.375,0.009835928
1435.0,0.006157451
1435.625,0.0063173845
1436.25,0.012794703
1436.875,0.014713909
1437.5,0.0055976827
1438.125,0.0062374175
1438.75,0.0076768217
1439.375,0.008316557
1440.0,0.01799255
1440.625,0.024070034
1441.25,0.013994206
1441.875,0.0039183777
1442.5,0.0031187087
1443.125,0.0017592716
1443.75,0.007276987
1444.375,0.007836755
1445.0,0.014474007
1445.625,0.016553147
1446.25,0.019511921
1446.875,0.017912583
1447.5,0.014314074
1448.125,0.008716391
1448.75,0.007836755
1449.375,0.02007169
1450.0,0.017432783
1450.625,0.0041582785
1451.25,0.011755133
1451.875,0.015833445
1452.5,0.01903212
1453.125,0.012874669
1453.75,0.0057576164
1454.375,0.011995034
1455.0,0.0030387419
1455.625,0.014873842
1456.25,0.010715564
1456.875,0.008556457
1457.5,0.019272022
1458.125,0.018152485
1458.75,0.017432783
1459.375,0.020871358
1460.0,0.022070862
1460.625,0.015913412
1461.25,0.0028788082
1461.875,0.010635597
1462.5,0.010155795
1463.125,0.0017592716
1463.75,0.0036784771
1464.375,0.009436093
1465.0,0.009835928
1465.625,0.0054377485
1466.25,0.011515233
1466.875,0.0121549675
1467.5,0.0041582785
1468.125,0.00847649
1468.75,0.013514405
1469.375,0.007516888
1470.0,0.0031986758
1470.625,0.00847649
1471.25,0.012474835
1471.875,0.013594371
1472.5,0.012794703
1473.125,0.010075828
1473.75,0.0036784771
1474.375,0.01055563
1475.0,0.0034385764
1475.625,0.012075
1476.25,0.00951606
1476.875,0.0028788082
1477.5,0.004558113
1478.125,0.0087963585
1478.75,0.007436921
1479.375,0.0032786427
1480.0,0.0038384108
1480.625,0.0040783114
1481.25,0.004238245
1481.875,0.0033586095
1482.5,0.0040783114
1483.125,0.006637252
1483.75,0.0077567887
1484.375,0.005357782
1485.0,0.0032786427
1485.625,0.0019192054
1486.25,0.0047180466
1486.875,0.0025589406
1487.5,0.014713909
1488.125,0.012714736
1488.75,0.005997517
1489.375,0.0020791392
1490.0,0.0054377485
1490.625,0.006637252
1491.25,0.00359851
1491.875,0.00591755
1492.5,0.0043981792
1493.125,0.0033586095
1493.75,0.0056776493
1494.375,0.0065572853
1495.0,0.0063173845
1495.625,0.0062374175
1496.25,0.0076768217
1496.875,0.0068771527
1497.5,0.0035185432
1498.125,0.0056776493
1498.75,0.002958775
1499.375,0.011115398
1500.0,0.009036259
1500.625,0.003758444
1501.25,0.005037914
1501.875,0.0043981792
1502.5,0.005837583
1503.125,0.0034385764
1503.75,0.0039183777
1504.375,0.007436921
1505.0,0.0070370864
1505.625,0.0068771527
1506.25,0.007836755
1506.875,0.00847649
1507.5,0.007276987
1508.125,0.005037914
1508.75,0.0031187087
1509.375,0.0054377485
1510.0,0.0039183777
1510.625,0.008316557
1511.25,0.010795531
1511.875,0.005997517
1512.5,0.0032786427
1513.125,0.004558113
1513.75,0.00359851
1514.375,0.0015993379
1515.0,0.0039983448
1515.625,0.0030387419
1516.25,0.007436921
1516.875,0.009036259
1517.5,0.010155795
1518.125,0.009116226
1518.75,0.0079966895
1519.375,0.007836755
1520.0,0.0064773182
1520.625,0.0047980137
1521.25,0.005117881
1521.875,0.0026389074
1522.5,0.005997517
1523.125,0.007836755
1523.75,0.004478146
1524.375,0.0032786427
1525.0,0.004558113
1525.625,0.00591755
1526.25,0.00847649
1526.875,0.011035431
1527.5,0.010795531
1528.125,0.012474835
1528.75,0.01415414
1529.375,0.015113743
1530.0,0.015273676
1530.625,0.014553974
1531.25,0.013034604
1531.875,0.010395696
1532.5,0.00951606
1533.125,0.009036259
1533.75,0.008316557
1534.375,0.0012794703
1535.0,0.005997517
1535.625,0.0027188743
1536.25,0.0008796358
1536.875,0.0024789737
1537.5,0.0025589406
1538.125,0.0032786427
1538.75,0.0070370864
1539.375,0.006157451
1540.0,0.0048779803
1540.625,0.0071170535
1541.25,0.008156623
1541.875,0.008556457
1542.5,0.008316557
1543.125,0.007516888
1543.75,0.011195365
1544.375,0.008716391
1545.0,0.0008796358
1545.625,0.0031986758
1546.25,0.005117881
1546.875,0.0047180466
1547.5,0.0016793048
1548.125,0.005837583
1548.75,0.0047180466
1549.375,0.0025589406
1550.0,0.005197848
1550.625,0.0035185432
1551.25,0.009596027
1551.875,0.011755133
1552.5,0.00951606
1553.125,0.00847649
1553.75,0.010235762
1554.375,0.0118351
1555.0,0.008876325
1555.625,0.0027188743
1556.25,0.0063973516
1556.875,0.0079966895
1557.5,0.0034385764
1558.125,0.00359851
1558.75,0.00055976823
1559.375,0.0028788082
1560.0,0.0041582785
1560.625,0.005277815
1561.25,0.0047180466
1561.875,0.0073569543
1562.5,0.0039183777
1563.125,0.0079966895
1563.75,0.012474835
1564.375,0.012554802
1565.0,0.011675166
1565.625,0.010635597
1566.25,0.0075968546
1566.875,0.005837583
1567.5,0.007516888
1568.125,0.0040783114
1568.75,0.0047980137
1569.375,0.00719702
1570.0,0.0033586095
1570.625,0.0015193709
1571.25,0.0030387419
1571.875,0.0063973516
1572.5,0.0038384108
1573.125,0.0048779803
1573.75,0.0016793048
1574.375,0.006637252
1575.0,0.009596027
1575.625,0.00823659
1576.25,0.005837583
1576.875,0.005037914
1577.5,0.006157451
1578.125,0.005117881
1578.75,0.003758444
1579.375,0.005837583
1580.0,0.0073569543
1580.625,0.004478146
1581.25,0.005117881
1581.875,0.0040783114
1582.5,0.0015193709
1583.125,0.0043981792
1583.75,0.0041582785
1584.375,0.007276987
1585.0,0.003758444
1585.625,0.0073569543
1586.25,0.010875497
1586.875,0.008956292
1587.5,0.006157451
1588.125,0.006637252
1588.75,0.0071170535
1589.375,0.008076656
1590.0,0.010075828
1590.625,0.009116226
1591.25,0.005837583
1591.875,0.009436093
1592.5,0.0062374175
1593.125,0.0009596027
1593.75,0.0020791392
1594.375,0.0025589406
1595.0,0.002239073
1595.625,0.0071170535
1596.25,0.004558113
1596.875,0.002159106
1597.5,0.004238245
1598.125,0.0024789737
1598.75,0.0038384108
1599.375,0.0064773182
1600.0,0.0057576164
1600.625,0.0047180466
1601.25,0.00359851
1601.875,0.0033586095
1602.5,0.005997517
1603.125,0.004558113
1603.75,0.0017592716
1604.375,0.004238245
1605.0,0.0034385764
1605.625,0.00071970205
1606.25,0.00039983448
1606.875,0.0057576164
1607.5,0.0055976827
1608.125,0.0035185432
1608.75,0.0060774838
1609.375,0.00823659
1610.0,0.013034604
1610.625,0.01647318
1611.25,0.014793875
1611.875,0.013114571
1612.5,0.014234107
1613.125,0.015273676
1613.75,0.011035431
1614.375,0.008156623
1615.0,0.011755133
1615.625,0.008076656
1616.25,0.0008796358
1616.875,0.0046380796
1617.5,0.0043981792
1618.125,0.0015193709
1618.75,0.0033586095
1619.375,0.0063173845
1620.0,0.0027988413
1620.625,0.005837583
1621.25,0.005997517
1621.875,0.005837583
1622.5,0.010795531
1623.125,0.012394869
1623.75,0.012314902
1624.375,0.0118351
1625.0,0.010235762
1625.625,0.0079966895
1626.25,0.0065572853
1626.875,0.0039983448
1627.5,0.012794703
1628.125,0.008636424
1628.75,0.0075968546
1629.375,0.0025589406
1630.0,0.0023190398
1630.625,0.004318212
1631.25,0.004318212
1631.875,0.00039983448
1632.5,0.002958775
1633.125,0.0012794703
1633.75,0.0027988413
1634.375,0.005117881
1635.0,0.004558113
1635.625,0.0038384108
1636.25,0.0032786427
1636.875,0.0016793048
1637.5,0.0039983448
1638.125,0.0055976827
1638.75,0.005357782
1639.375,0.00591755
1640.0,0.004478146
1640.625,0.0023190398
1641.25,0.002239073
1641.875,0.0047980137
1642.5,0.0016793048
1643.125,0.006637252
1643.75,0.005357782
1644.375,0.007916722
1645.0,0.009675994
1645.625,0.009276159
1646.25,0.007916722
1646.875,0.010315729
1647.5,0.011915067
1648.125,0.010795531
1648.75,0.0112753315
1649.375,0.011915067
1650.0,0.00847649
1650.625,0.007836755
1651.25,0.0057576164
1651.875,0.0036784771
1652.5,0.002159106
1653.125,0.0019991724
1653.75,0.0028788082
1654.375,0.002239073
1655.0,0.002239073
1655.625,0.0012794703
1656.25,0.0040783114
1656.875,0.005037914
1657.5,0.0060774838
1658.125,0.0047980137
1658.75,0.0038384108
1659.375,0.0031187087
1660.0,0.0031187087
1660.625,0.0041582785
1661.25,0.004478146
1661.875,0.0026389074
1662.5,0.00359851
1663.125,0.0018392386
1663.75,0.0009596027
1664.375,0.0025589406
1665.0,0.00079966895
1665.625,0.0019991724
1666.25,0.00015993378
1666.875,0.0040783114
1667.5,0.003758444
1668.125,0.006157451
1668.75,0.007436921
1669.375,0.007916722
1670.0,0.007836755
1670.625,0.0075968546
1671.25,0.007276987
1671.875,0.00719702
1672.5,0.007516888
1673.125,0.006717219
1673.75,0.0055177156
1674.375,0.005837583
1675.0,0.0016793048
1675.625,0.0038384108
1676.25,0.0027188743
1676.875,0.0014394041
1677.5,0.0046380796
1678.125,0.0079966895
1678.75,0.0077567887
1679.375,0.0112753315
1680.0,0.014234107
1680.625,0.016793048
1681.25,0.018952154
1681.875,0.02031159
1682.5,0.02031159
1683.125,0.020391557
1683.75,0.019671855
1684.375,0.017912583
1685.0,0.01647318
1685.625,0.014633941
1686.25,0.010955464
1686.875,0.008636424
1687.5,0.005837583
1688.125,0.0062374175
1688.75,0.0032786427
1689.375,0.0049579474
1690.0,0.007516888
1690.625,0.010155795
1691.25,0.011995034
1691.875,0.015193709
1692.5,0.018072518
1693.125,0.019351987
1693.75,0.020951325
1694.375,0.021591062
1695.0,0.021671027
1695.625,0.021271193
1696.25,0.020151656
1696.875,0.018312419
1697.5,0.014474007
1698.125,0.014234107
1698.75,0.010235762
1699.375,0.007436921
1700.0,0.005997517
1700.625,0.0024789737
1701.25,0.0009596027
1701.875,0.0014394041
1702.5,0.0025589406
1703.125,0.0011195365
1703.75,0.0015993379
1704.375,0.0025589406
1705.0,0.0014394041
1705.625,0.0017592716
1706.25,0.0019991724
1706.875,0.002239073
1707.5,0.0027188743
1708.125,0.0027988413
1708.75,0.0019991724
1709.375,0.0011995034
1710.0,0.0013594371
1710.625,0.0013594371
1711.25,0.0018392386
1711.875,0.0025589406
1712.5,0.0024789737
1713.125,0.0011995034
1713.75,0.0027188743
1714.375,0.0057576164
1715.0,0.0047980137
1715.625,0.00719702
1716.25,0.008156623
1716.875,0.00847649
1717.5,0.009036259
1718.125,0.009596027
1718.75,0.009436093
1719.375,0.008556457
1720.0,0.00695712
1720.625,0.0063173845
1721.25,0.006717219
1721.875,0.0023190398
1722.5,0.0043981792
1723.125,0.0008796358
1723.75,0.0014394041
1724.375,0.002159106
1725.0,0.0040783114
1725.625,0.0032786427
1726.25,0.0023990069
1726.875,0.005117881
1727.5,0.0049579474
1728.125,0.004478146
1728.75,0.005197848
1729.375,0.0054377485
1730.0,0.005117881
1730.625,0.005037914
1731.25,0.004478146
1731.875,0.0035185432
1732.5,0.0048779803
1733.125,0.0031187087
1733.75,0.0023190398
1734.375,0.0020791392
1735.0,0.0025589406
1735.625,0.0024789737
1736.25,0.0023990069
1736.875,0.0015993379
1737.5,0.002239073
1738.125,0.0041582785
1738.75,0.004478146
1739.375,0.005117881
1740.0,0.006157451
1740.625,0.0063173845
1741.25,0.0071170535
1741.875,0.00719702
1742.5,0.0071170535
1743.125,0.0065572853
1743.75,0.0054377485
1744.375,0.006637252
1745.0,0.005277815
1745.625,0.0038384108
1746.25,0.0027988413
1746.875,0.0009596027
1747.5,0.0030387419
1748.125,0.0014394041
1748.75,0.0012794703
1749.375,0.0036784771
1750.0,0.0030387419
1750.625,0.0034385764
1751.25,0.006717219
1751.875,0.007836755
1752.5,0.0076768217
1753.125,0.00695712
1753.75,0.006157451
1754.375,0.0063973516
1755.0,0.0067971856
1755.625,0.005277815
1756.25,0.005277815
1756.875,0.005117881
1757.5,0.002239073
1758.125,0.002239073
1758.75,0.0019192054
1759.375,0.0012794703
1760.0,0.002239073
1760.625,0.0035185432
1761.25,0.002159106
1761.875,0.0035185432
1762.5,0.004558113
1763.125,0.004318212
1763.75,0.005117881
1764.375,0.0056776493
1765.0,0.005997517
1765.625,0.00591755
1766.25,0.0047980137
1766.875,0.005037914
1767.5,0.005837583
1768.125,0.0048779803
1768.75,0.0047980137
1769.375,0.0039183777
1770.0,0.0019991724
1770.625,0.002159106
1771.25,0.0008796358
1771.875,0.0008796358
1772.5,0.0018392386
1773.125,0.002159106
1773.75,0.0015193709
1774.375,0.0023990069
1775.0,0.0023190398
1775.625,0.002159106
1776.25,0.0023190398
1776.875,0.0018392386
1777.5,0.0017592716
1778.125,0.0019192054
1778.75,0.0019192054
1779.375,0.0020791392
1780.0,0.0026389074
1780.625,0.0017592716
1781.25,0.0015193709
1781.875,0.00023990068
1782.5,0.002239073
1783.125,0.0011995034
1783.75,0.0026389074
1784.375,0.0039983448
1785.0,0.004478146
1785.625,0.0054377485
1786.25,0.0068771527
1786.875,0.0073569543
1787.5,0.00695712
1788.125,0.0068771527
1788.75,0.0075968546
1789.375,0.008076656
1790.0,0.008156623
1790.625,0.0064773182
1791.25,0.005037914
1791.875,0.0057576164
1792.5,0.00591755
1793.125,0.0033586095
1793.75,0.0008796358
1794.375,0.0038384108
1795.0,0.0030387419
1795.625,0.0031187087
1796.25,0.0076768217
1796.875,0.0077567887
1797.5,0.010075828
1798.125,0.011915067
1798.75,0.013034604
1799.375,0.013994206
1800.0,0.014633941
1800.625,0.013994206
1801.25,0.013514405
1801.875,0.012874669
1802.5,0.012075
1803.125,0.011115398
1803.75,0.009596027
1804.375,0.0064773182
1805.0,0.0075968546
1805.625,0.0047180466
1806.25,0.0023990069
1806.875,0.0046380796
1807.5,0.0025589406
1808.125,0.0031187087
1808.75,0.005117881
1809.375,0.005997517
1810.0,0.0067971856
1810.625,0.0076768217
1811.25,0.0073569543
1811.875,0.006717219
1812.5,0.007916722
1813.125,0.009116226
1813.75,0.0079966895
1814.375,0.0063973516
1815.0,0.0063173845
1815.625,0.0040783114
1816.25,0.0036784771
1816.875,0.0033586095
1817.5,0.002958775
1818.125,0.0023190398
1818.75,0.0019192054
1819.375,0.0026389074
1820.0,0.0012794703
1820.625,0.0020791392
1821.25,0.0020791392
1821.875,0.0023990069
1822.5,0.0026389074
1823.125,0.0027988413
1823.75,0.0039183777
1824.375,0.0038384108
1825.0,0.0032786427
1825.625,0.0032786427
1826.25,0.0026389074
1826.875,0.0024789737
1827.5,0.0019991724
1828.125,0.00071970205
1828.75,0.0019991724
1829.375,0.0011995034
1830.0,0.0014394041
1830.625,0.0017592716
1831.25,0.0017592716
1831.875,0.002239073
1832.5,0.0028788082
1833.125,0.0031187087
1833.75,0.0035185432
1834.375,0.004478146
1835.0,0.0047180466
1835.625,0.0039183777
1836.25,0.0031187087
1836.875,0.0035185432
1837.5,0.0036784771
1838.125,0.00359851
1838.75,0.0039183777
1839.375,0.0036784771
1840.0,0.0016793048
1840.625,0.0033586095
1841.25,0.0019991724
1841.875,0.0027188743
1842.5,0.0015193709
1843.125,0.0019991724
1843.75,0.004558113
1844.375,0.0039983448
1845.0,0.005197848
1845.625,0.00719702
1846.25,0.0067971856
1846.875,0.0063173845
1847.5,0.0063173845
1848.125,0.006637252
1848.75,0.007276987
1849.375,0.0060774838
1850.0,0.0038384108
1850.625,0.0048779803
1851.25,0.0033586095
1851.875,0.0030387419
1852.5,0.0018392386
1853.125,0.002239073
1853.75,0.00063973514
1854.375,0.00055976823
1855.0,0.0038384108
1855.625,0.0024789737
1856.25,0.0025589406
1856.875,0.0035185432
1857.5,0.004478146
1858.125,0.0032786427
1858.75,0.0031986758
1859.375,0.0039983448
1860.0,0.004558113
1860.625,0.005277815
1861.25,0.004478146
1861.875,0.0032786427
1862.5,0.004478146
1863.125,0.0039183777
1863.75,0.00079966895
1864.375,0.0020791392
1865.0,0.0018392386
1865.625,0.0012794703
1866.25,0.0023990069
1866.875,0.0024789737
1867.5,0.0018392386
1868.125,0.0011195365
1868.75,0.00359851
1869.375,0.004238245
1870.0,0.0039183777
1870.625,0.0041582785
1871.25,0.0049579474
1871.875,0.004478146
1872.5,0.0036784771
1873.125,0.0039183777
1873.75,0.0035185432
1874.375,0.0031187087
1875.0,0.0039183777
1875.625,0.0011195365
1876.25,0.0008796358
1876.875,0.0023190398
1877.5,0.0015993379
1878.125,0.0027188743
1878.75,0.0032786427
1879.375,0.0038384108
1880.0,0.004318212
1880.625,0.004318212
1881.25,0.0049579474
1881.875,0.00591755
1882.5,0.0071170535
1883.125,0.00719702
1883.75,0.0064773182
1884.375,0.0055976827
1885.0,0.0048779803
1885.625,0.0046380796
1886.25,0.004238245
1886.875,0.0041582785
1887.5,0.0031187087
1888.125,0.0026389074
1888.75,0.0027988413
1889.375,0.0028788082
1890.0,0.007436921
1890.625,0.0062374175
1891.25,0.008636424
1891.875,0.011035431
1892.5,0.011515233
1893.125,0.0121549675
1893.75,0.013354471
1894.375,0.014074173
1895.0,0.013754305
1895.625,0.013514405
1896.25,0.013594371
1896.875,0.011515233
1897.5,0.009276159
1898.125,0.009755961
1898.75,0.0077567887
1899.375,0.00591755
1900.0,0.0035185432
1900.625,0.0032786427
1901.25,0.0033586095
1901.875,0.0012794703
1902.5,0.004318212
1903.125,0.004238245
1903.75,0.004558113
1904.375,0.0056776493
1905.0,0.005997517
1905.625,0.0068771527
1906.25,0.0062374175
1906.875,0.005837583
1907.5,0.0060774838
1908.125,0.0056776493
1908.75,0.005037914
1909.375,0.004318212
1910.0,0.0038384108
1910.625,0.0026389074
1911.25,0.0011995034
1911.875,0.004558113
1912.5,0.002159106
1913.125,0.0046380796
1913.75,0.0068771527
1914.375,0.007516888
1915.0,0.0087963585
1915.625,0.01055563
1916.25,0.011195365
1916.875,0.0115952
1917.5,0.0129546365
1918.125,0.01415414
1918.75,0.01391424
1919.375,0.013594371
1920.0,0.0121549675
1920.625,0.011195365
1921.25,0.011195365
1921.875,0.009915895
1922.5,0.0077567887
1923.125,0.0048779803
1923.75,0.00591755
1924.375,0.0023190398
1925.0,0.00015993378
1925.625,0.0035185432
1926.25,0.0026389074
1926.875,0.0036784771
1927.5,0.004558113
1928.125,0.00359851
1928.75,0.0032786427
1929.375,0.0033586095
1930.0,0.004238245
1930.625,0.0047980137
1931.25,0.0043981792
1931.875,0.0039983448
1932.5,0.0036784771
1933.125,0.0019991724
1933.75,0.0023990069
1934.375,0.0015193709
1935.0,0.0017592716
1935.625,0.0032786427
1936.25,0.0023990069
1936.875,0.0039983448
1937.5,0.0054377485
1938.125,0.00719702
1938.75,0.0077567887
1939.375,0.008716391
1940.0,0.009356126
1940.625,0.010075828
1941.25,0.01055563
1941.875,0.01055563
1942.5,0.009915895
1943.125,0.00951606
1943.75,0.008316557
1944.375,0.007516888
1945.0,0.007516888
1945.625,0.0060774838
1946.25,0.0067971856
1946.875,0.0027188743
1947.5,0.0038384108
1948.125,0.0032786427
1948.75,0.0018392386
1949.375,0.0035185432
1950.0,0.005197848
1950.625,0.0046380796
1951.25,0.006157451
1951.875,0.007276987
1952.5,0.0075968546
1953.125,0.00823659
1953.75,0.008076656
1954.375,0.0068771527
1955.0,0.0056776493
1955.625,0.0054377485
1956.25,0.0055976827
1956.875,0.0043981792
1957.5,0.0036784771
1958.125,0.0032786427
1958.75,0.0025589406
1959.375,0.0015193709
1960.0,0.0011995034
1960.625,0.00031986757
1961.25,0.00079966895
1961.875,0.0011195365
1962.5,0.0015193709
1963.125,0.0011195365
1963.75,7.996689e-05
1964.375,0.00039983448
1965.0,0.00031986757
1965.625,0.00063973514
1966.25,0.00055976823
1966.875,0.0015193709
1967.5,0.0015193709
1968.125,0.0010395696
1968.75,0.0012794703
1969.375,0.0027188743
1970.0,0.0023990069
1970.625,0.002239073
1971.25,0.0040783114
1971.875,0.0054377485
1972.5,0.0056776493
1973.125,0.0068771527
1973.75,0.008556457
1974.375,0.010955464
1975.0,0.012075
1975.625,0.013434438
1976.25,0.013754305
1976.875,0.013194537
1977.5,0.012474835
1978.125,0.011995034
1978.75,0.010875497
1979.375,0.009675994
1980.0,0.008716391
1980.625,0.009116226
1981.25,0.005997517
1981.875,0.005997517
1982.5,0.0056776493
1983.125,0.0016793048
1983.75,0.002159106
1984.375,0.0048779803
1985.0,0.0035185432
1985.625,0.0047980137
1986.25,0.005117881
1986.875,0.006717219
1987.5,0.006717219
1988.125,0.0071170535
1988.75,0.0070370864
1989.375,0.0062374175
1990.0,0.005837583
1990.625,0.0063973516
1991.25,0.0063173845
1991.875,0.005197848
1992.5,0.003758444
1993.125,0.0031187087
1993.75,0.0031986758
1994.375,0.0019991724
1995.0,0.0012794703
1995.625,0.0026389074
1996.25,0.0012794703
1996.875,0.0018392386
1997.5,0.0016793048
1998.125,0.0013594371
1998.75,0.0019192054
1999.375,0.0019991724
2000.0,0.0019991724
