t,amp
0.0,-1233.2323
0.0001953125,-1233.2703
0.000390625,-1233.4224
0.0005859375,-1233.3843
0.00078125,-1233.6124
0.0009765625,-1233.9164
0.001171875,-1233.6504
0.0013671875,-1233.2703
0.0015625,-1233.3083
0.0017578125,-1233.6884
0.001953125,-1233.6884
0.0021484375,-1233.4984
0.00234375,-1233.9924
0.0025390625,-1234.6385
0.002734375,-1234.6006
0.0029296875,-1234.3726
0.003125,-1234.6766
0.0033203125,-1234.8666
0.003515625,-1234.6006
0.0037109375,-1234.4485
0.00390625,-1234.4866
0.0041015625,-1234.4485
0.004296875,-1234.3726
0.0044921875,-1234.2585
0.0046875,-1234.1064
0.0048828125,-1233.9545
0.005078125,-1233.9924
0.0052734375,-1234.2585
0.00546875,-1234.1064
0.0056640625,-1233.9545
0.005859375,-1234.4105
0.0060546875,-1234.6385
0.00625,-1234.0305
0.0064453125,-1233.6884
0.006640625,-1234.0305
0.0068359375,-1234.0685
0.00703125,-1233.8024
0.0072265625,-1233.7644
0.007421875,-1234.1064
0.0076171875,-1233.9924
0.0078125,-1233.4224
0.0080078125,-1233.1943
0.008203125,-1233.0803
0.0083984375,-1232.7382
0.00859375,-1232.5101
0.0087890625,-1232.5862
0.008984375,-1232.6622
0.0091796875,-1232.6622
0.009375,-1232.7002
0.0095703125,-1232.5482
0.009765625,-1232.4722
0.0099609375,-1232.5862
0.01015625,-1232.7382
0.0103515625,-1232.5482
0.010546875,-1232.3961
0.0107421875,-1232.8903
0.0109375,-1233.2703
0.0111328125,-1233.2323
0.011328125,-1233.2703
0.0115234375,-1233.8405
0.01171875,-1233.7644
0.0119140625,-1233.4224
0.012109375,-1233.5364
0.0123046875,-1233.8784
0.0125,-1234.0305
0.0126953125,-1233.7264
0.012890625,-1233.7644
0.0130859375,-1233.9924
0.01328125,-1234.1064
0.0134765625,-1234.2965
0.013671875,-1234.4485
0.0138671875,-1234.4485
0.0140625,-1234.4866
0.0142578125,-1234.7526
0.014453125,-1234.6385
0.0146484375,-1234.4105
0.01484375,-1234.9426
0.0150390625,-1235.1707
0.015234375,-1234.4866
0.0154296875,-1234.2965
0.015625,-1234.5626
0.0158203125,-1234.5626
0.016015625,-1234.1445
0.0162109375,-1233.9545
0.01640625,-1234.1445
0.0166015625,-1233.8024
0.016796875,-1233.4603
0.0169921875,-1233.5743
0.0171875,-1233.6884
0.0173828125,-1233.7644
0.017578125,-1233.9924
0.0177734375,-1233.9545
0.01796875,-1233.5743
0.0181640625,-1233.6884
0.018359375,-1233.9164
0.0185546875,-1233.4984
0.01875,-1233.1943
0.0189453125,-1233.4224
0.019140625,-1233.4224
0.0193359375,-1233.0422
0.01953125,-1232.8522
0.0197265625,-1233.1943
0.019921875,-1233.2703
0.0201171875,-1233.0043
0.0203125,-1233.1943
0.0205078125,-1233.6884
0.020703125,-1233.8405
0.0208984375,-1233.8024
0.02109375,-1234.0685
0.0212890625,-1234.1445
0.021484375,-1234.0685
0.0216796875,-1234.0305
0.021875,-1233.8024
0.0220703125,-1233.4224
0.022265625,-1233.4603
0.0224609375,-1233.6124
0.02265625,-1233.3843
0.0228515625,-1233.1562
0.023046875,-1233.2323
0.0232421875,-1233.5743
0.0234375,-1233.2703
0.0236328125,-1232.9282
0.023828125,-1233.3843
0.0240234375,-1233.6884
0.02421875,-1233.3463
0.0244140625,-1233.2703
0.024609375,-1233.8405
0.0248046875,-1233.8024
0.025,-1233.4603
0.0251953125,-1233.3463
0.025390625,-1233.4224
0.0255859375,-1233.2703
0.02578125,-1233.1562
0.0259765625,-1233.3083
0.026171875,-1233.3843
0.0263671875,-1233.2703
0.0265625,-1233.2703
0.0267578125,-1233.2323
0.026953125,-1233.2703
0.0271484375,-1233.5364
0.02734375,-1233.7264
0.0275390625,-1233.6504
0.027734375,-1233.4984
0.0279296875,-1233.8405
0.028125,-1233.8784
0.0283203125,-1233.1943
0.028515625,-1232.8903
0.0287109375,-1233.0043
0.02890625,-1232.4722
0.0291015625,-1231.826
0.029296875,-1231.788
0.0294921875,-1231.788
0.0296875,-1231.5599
0.0298828125,-1231.1799
0.030078125,-1231.3319
0.0302734375,-1231.712
0.03046875,-1231.864
0.0306640625,-1232.092
0.030859375,-1232.3201
0.0310546875,-1232.3582
0.03125,-1232.3582
0.0314453125,-1232.4342
0.031640625,-1232.3582
0.0318359375,-1232.3582
0.03203125,-1232.6622
0.0322265625,-1232.7002
0.032421875,-1232.2821
0.0326171875,-1232.3961
0.0328125,-1232.8903
0.0330078125,-1232.5101
0.033203125,-1232.1301
0.0333984375,-1232.4342
0.03359375,-1232.7382
0.0337890625,-1232.5482
0.033984375,-1232.3201
0.0341796875,-1232.7002
0.034375,-1232.7762
0.0345703125,-1232.5101
0.034765625,-1232.5101
0.0349609375,-1232.7762
0.03515625,-1232.7762
0.0353515625,-1232.6241
0.035546875,-1232.7762
0.0357421875,-1232.7762
0.0359375,-1232.9663
0.0361328125,-1233.3843
0.036328125,-1233.4603
0.0365234375,-1233.3083
0.03671875,-1233.4603
0.0369140625,-1233.7644
0.037109375,-1233.5743
0.0373046875,-1233.4603
0.0375,-1233.7264
0.0376953125,-1233.7644
0.037890625,-1233.3083
0.0380859375,-1233.0043
0.03828125,-1233.3083
0.0384765625,-1233.4603
0.038671875,-1232.9663
0.0388671875,-1232.8142
0.0390625,-1233.1943
0.0392578125,-1233.1183
0.039453125,-1232.9282
0.0396484375,-1233.0803
0.03984375,-1233.2323
0.0400390625,-1233.1943
0.040234375,-1233.2703
0.0404296875,-1233.0803
0.040625,-1232.6622
0.0408203125,-1232.6241
0.041015625,-1232.8142
0.0412109375,-1232.7762
0.04140625,-1232.4722
0.0416015625,-1232.8142
0.041796875,-1233.1562
0.0419921875,-1232.8522
0.0421875,-1232.4722
0.0423828125,-1232.5482
0.042578125,-1232.8522
0.0427734375,-1232.4342
0.04296875,-1232.206
0.0431640625,-1232.5862
0.043359375,-1232.5482
0.0435546875,-1232.206
0.04375,-1232.2821
0.0439453125,-1232.5101
0.044140625,-1232.5101
0.0443359375,-1232.5862
0.04453125,-1232.6622
0.0447265625,-1232.6622
0.044921875,-1232.7382
0.0451171875,-1232.5862
0.0453125,-1232.3961
0.0455078125,-1232.092
0.045703125,-1232.206
0.0458984375,-1232.5101
0.04609375,-1232.3961
0.0462890625,-1232.5101
0.046484375,-1232.7762
0.0466796875,-1232.8522
0.046875,-1232.2821
0.0470703125,-1232.2441
0.047265625,-1232.7762
0.0474609375,-1232.5101
0.04765625,-1232.206
0.0478515625,-1232.5482
0.048046875,-1233.0803
0.0482421875,-1233.1183
0.0484375,-1233.0803
0.0486328125,-1233.4603
0.048828125,-1233.4984
0.0490234375,-1233.1183
0.04921875,-1232.7762
0.0494140625,-1232.7762
0.049609375,-1232.6241
0.0498046875,-1232.3582
0.05,-1232.5482
0.0501953125,-1232.7002
0.050390625,-1232.7382
0.0505859375,-1233.0422
0.05078125,-1233.1562
0.0509765625,-1233.0043
0.051171875,-1233.3843
0.0513671875,-1233.6504
0.0515625,-1233.5364
0.0517578125,-1233.4603
0.051953125,-1233.7264
0.0521484375,-1233.9924
0.05234375,-1233.6504
0.0525390625,-1233.4603
0.052734375,-1233.7644
0.0529296875,-1233.8405
0.053125,-1233.2323
0.0533203125,-1233.0803
0.053515625,-1233.5364
0.0537109375,-1233.6124
0.05390625,-1233.4224
0.0541015625,-1233.8024
0.054296875,-1234.1064
0.0544921875,-1233.9924
0.0546875,-1233.8405
0.0548828125,-1233.8405
0.055078125,-1233.9164
0.0552734375,-1233.5743
0.05546875,-1233.3843
0.0556640625,-1233.3843
0.055859375,-1233.2703
0.0560546875,-1233.4224
0.05625,-1233.5743
0.0564453125,-1233.4224
0.056640625,-1233.2323
0.0568359375,-1233.4603
0.05703125,-1233.6124
0.0572265625,-1233.4224
0.057421875,-1233.4603
0.0576171875,-1233.8024
0.0578125,-1233.7264
0.0580078125,-1233.4603
0.058203125,-1233.6124
0.0583984375,-1234.2585
0.05859375,-1234.4866
0.0587890625,-1234.1064
0.058984375,-1234.1064
0.0591796875,-1234.5245
0.059375,-1234.4485
0.0595703125,-1234.2585
0.059765625,-1234.3726
0.0599609375,-1234.3726
0.06015625,-1234.0305
0.0603515625,-1233.8405
0.060546875,-1233.6884
0.0607421875,-1233.4603
0.0609375,-1233.6884
0.0611328125,-1233.7644
0.061328125,-1233.4984
0.0615234375,-1233.4224
0.06171875,-1233.8405
0.0619140625,-1234.2585
0.062109375,-1234.2585
0.0623046875,-1234.2205
0.0625,-1234.7526
0.0626953125,-1235.0947
0.062890625,-1234.6006
0.0630859375,-1234.5245
0.06328125,-1234.9806
0.0634765625,-1234.9806
0.063671875,-1234.4866
0.0638671875,-1234.3726
0.0640625,-1234.7146
0.0642578125,-1234.8286
0.064453125,-1234.5626
0.0646484375,-1234.6766
0.06484375,-1235.0566
0.0650390625,-1234.7906
0.065234375,-1234.5245
0.0654296875,-1234.6006
0.065625,-1234.6766
0.0658203125,-1234.7526
0.066015625,-1234.9806
0.0662109375,-1234.9426
0.06640625,-1234.7906
0.0666015625,-1234.7906
0.066796875,-1235.0187
0.0669921875,-1234.8666
0.0671875,-1234.2965
0.0673828125,-1234.2965
0.067578125,-1234.4105
0.0677734375,-1234.1825
0.06796875,-1233.6884
0.0681640625,-1233.9545
0.068359375,-1234.3345
0.0685546875,-1233.8784
0.06875,-1233.9545
0.0689453125,-1234.2965
0.069140625,-1234.4866
0.0693359375,-1234.6006
0.06953125,-1234.5245
0.0697265625,-1234.6385
0.069921875,-1234.8666
0.0701171875,-1234.9806
0.0703125,-1235.0187
0.0705078125,-1234.9426
0.070703125,-1234.9426
0.0708984375,-1235.2847
0.07109375,-1235.2847
0.0712890625,-1235.0187
0.071484375,-1234.9047
0.0716796875,-1235.2467
0.071875,-1234.9426
0.0720703125,-1234.2965
0.072265625,-1234.6006
0.0724609375,-1234.9426
0.07265625,-1234.7526
0.0728515625,-1234.4485
0.073046875,-1234.7906
0.0732421875,-1235.1327
0.0734375,-1235.0566
0.0736328125,-1234.8666
0.073828125,-1234.9806
0.0740234375,-1234.9806
0.07421875,-1234.7146
0.0744140625,-1234.8286
0.074609375,-1234.7526
0.0748046875,-1234.7526
0.075,-1234.9426
0.0751953125,-1234.8666
0.075390625,-1234.4485
0.0755859375,-1234.6006
0.07578125,-1234.9806
0.0759765625,-1234.6766
0.076171875,-1234.4866
0.0763671875,-1234.6385
0.0765625,-1234.6766
0.0767578125,-1234.2585
0.076953125,-1234.0305
0.0771484375,-1234.4105
0.07734375,-1234.4485
0.0775390625,-1234.0305
0.077734375,-1233.9924
0.0779296875,-1234.2965
0.078125,-1234.0685
0.0783203125,-1233.6504
0.078515625,-1233.7264
0.0787109375,-1233.8784
0.07890625,-1233.6504
0.0791015625,-1233.5743
0.079296875,-1233.6124
0.0794921875,-1233.5364
0.0796875,-1233.7264
0.0798828125,-1233.8405
0.080078125,-1233.9164
0.0802734375,-1234.0305
0.08046875,-1234.4866
0.0806640625,-1235.1707
0.080859375,-1235.1707
0.0810546875,-1235.0947
0.08125,-1235.6648
0.0814453125,-1235.8549
0.081640625,-1235.2467
0.0818359375,-1235.3607
0.08203125,-1235.8928
0.0822265625,-1235.8928
0.082421875,-1235.8168
0.0826171875,-1235.8928
0.0828125,-1236.0829
0.0830078125,-1236.0829
0.083203125,-1235.7408
0.0833984375,-1235.6268
0.08359375,-1235.5508
0.0837890625,-1235.3607
0.083984375,-1235.4368
0.0841796875,-1235.1707
0.084375,-1234.6006
0.0845703125,-1234.1445
0.084765625,-1234.1825
0.0849609375,-1234.0305
0.08515625,-1233.5743
0.0853515625,-1233.8784
0.085546875,-1234.4866
0.0857421875,-1234.6006
0.0859375,-1234.3726
0.0861328125,-1234.6006
0.086328125,-1235.3228
0.0865234375,-1235.2467
0.08671875,-1234.8666
0.0869140625,-1235.0187
0.087109375,-1234.9806
0.0873046875,-1234.5626
0.0875,-1234.3345
0.0876953125,-1234.5626
0.087890625,-1234.5245
0.0880859375,-1234.1825
0.08828125,-1234.0305
0.0884765625,-1233.9164
0.088671875,-1233.8784
0.0888671875,-1233.8405
0.0890625,-1233.8024
0.0892578125,-1233.9164
0.089453125,-1233.9545
0.0896484375,-1233.9924
0.08984375,-1233.9545
0.0900390625,-1233.7264
0.090234375,-1233.6884
0.0904296875,-1233.8784
0.090625,-1233.5743
0.0908203125,-1233.0422
0.091015625,-1233.2323
0.0912109375,-1233.4224
0.09140625,-1233.3463
0.0916015625,-1233.2323
0.091796875,-1233.7264
0.0919921875,-1234.0305
0.0921875,-1233.6884
0.0923828125,-1233.5743
0.092578125,-1233.8784
0.0927734375,-1234.2965
0.09296875,-1234.0685
0.0931640625,-1234.0685
0.093359375,-1234.6385
0.0935546875,-1234.8666
0.09375,-1234.6006
0.0939453125,-1234.7526
0.094140625,-1235.3987
0.0943359375,-1235.6268
0.09453125,-1235.5128
0.0947265625,-1235.5128
0.094921875,-1236.0449
0.0951171875,-1236.387
0.0953125,-1236.1969
0.0955078125,-1236.0829
0.095703125,-1236.501
0.0958984375,-1236.843
0.09609375,-1236.805
0.0962890625,-1236.881
0.096484375,-1237.0331
0.0966796875,-1237.0331
0.096875,-1236.653
0.0970703125,-1236.3489
0.097265625,-1236.4249
0.0974609375,-1236.3489
0.09765625,-1236.2349
0.0978515625,-1236.4249
0.098046875,-1236.691
0.0982421875,-1236.691
0.0984375,-1236.653
0.0986328125,-1236.767
0.098828125,-1236.767
0.0990234375,-1236.881
0.09921875,-1237.1471
0.0994140625,-1237.4131
0.099609375,-1237.4131
0.0998046875,-1237.5271
0.1,-1237.7932
0.1001953125,-1238.0212
0.100390625,-1237.7552
0.1005859375,-1237.5652
0.10078125,-1237.9833
0.1009765625,-1237.9452
0.101171875,-1237.4512
0.1013671875,-1237.2991
0.1015625,-1237.5652
0.1017578125,-1237.6031
0.101953125,-1237.185
0.1021484375,-1236.995
0.10234375,-1237.3751
0.1025390625,-1237.3751
0.102734375,-1236.881
0.1029296875,-1236.805
0.103125,-1237.1471
0.1033203125,-1237.1091
0.103515625,-1236.387
0.1037109375,-1236.2349
0.10390625,-1236.539
0.1041015625,-1236.3109
0.104296875,-1235.8549
0.1044921875,-1235.8168
0.1046875,-1236.2349
0.1048828125,-1236.3489
0.105078125,-1235.9308
0.1052734375,-1236.0068
0.10546875,-1236.4629
0.1056640625,-1236.273
0.105859375,-1236.0829
0.1060546875,-1236.3109
0.10625,-1236.501
0.1064453125,-1236.615
0.106640625,-1236.729
0.1068359375,-1237.1471
0.10703125,-1237.4512
0.1072265625,-1237.5652
0.107421875,-1237.7552
0.1076171875,-1237.7932
0.1078125,-1237.8312
0.1080078125,-1237.9072
0.108203125,-1238.0593
0.1083984375,-1237.7172
0.10859375,-1237.1471
0.1087890625,-1237.2991
0.108984375,-1237.3372
0.1091796875,-1237.071
0.109375,-1236.957
0.1095703125,-1237.4131
0.109765625,-1237.7172
0.1099609375,-1237.4131
0.11015625,-1237.4131
0.1103515625,-1237.8312
0.110546875,-1237.9833
0.1107421875,-1237.5652
0.1109375,-1237.5271
0.1111328125,-1237.8693
0.111328125,-1237.7552
0.1115234375,-1237.3751
0.11171875,-1237.4891
0.1119140625,-1237.8312
0.112109375,-1237.8693
0.1123046875,-1237.9072
0.1125,-1237.8693
0.1126953125,-1237.7172
0.112890625,-1237.5271
0.1130859375,-1237.185
0.11328125,-1236.957
0.1134765625,-1236.729
0.113671875,-1236.501
0.1138671875,-1236.881
0.1140625,-1236.843
0.1142578125,-1236.615
0.114453125,-1236.881
0.1146484375,-1237.1471
0.11484375,-1236.9191
0.1150390625,-1236.881
0.115234375,-1237.5652
0.1154296875,-1238.0593
0.115625,-1237.9452
0.1158203125,-1237.7172
0.116015625,-1237.9452
0.1162109375,-1238.2874
0.11640625,-1237.8693
0.1166015625,-1237.7552
0.116796875,-1238.1733
0.1169921875,-1238.2874
0.1171875,-1238.2113
0.1173828125,-1238.3253
0.117578125,-1238.4773
0.1177734375,-1238.3633
0.11796875,-1238.4014
0.1181640625,-1238.2113
0.118359375,-1237.9452
0.1185546875,-1237.8312
0.11875,-1237.7172
0.1189453125,-1237.6412
0.119140625,-1237.3751
0.1193359375,-1237.4891
0.11953125,-1238.0593
0.1197265625,-1238.2113
0.119921875,-1237.7932
0.1201171875,-1237.8693
0.1203125,-1238.2493
0.1205078125,-1237.8693
0.120703125,-1237.4891
0.1208984375,-1237.7932
0.12109375,-1238.0212
0.1212890625,-1237.9833
0.121484375,-1238.0593
0.1216796875,-1238.2493
0.121875,-1238.3253
0.1220703125,-1238.1353
0.122265625,-1237.8693
0.1224609375,-1237.7172
0.12265625,-1237.4891
0.1228515625,-1237.6792
0.123046875,-1237.8693
0.1232421875,-1237.6412
0.1234375,-1237.7932
0.1236328125,-1238.3633
0.123828125,-1238.2874
0.1240234375,-1238.0973
0.12421875,-1238.6294
0.1244140625,-1238.8195
0.124609375,-1238.4014
0.1248046875,-1238.0973
0.125,-1238.2493
0.1251953125,-1238.2874
0.125390625,-1237.8693
0.1255859375,-1237.6792
0.12578125,-1237.8312
0.1259765625,-1237.6412
0.126171875,-1237.3751
0.1263671875,-1237.4891
0.1265625,-1237.7172
0.1267578125,-1237.7172
0.126953125,-1237.8693
0.1271484375,-1238.0212
0.12734375,-1237.8312
0.1275390625,-1238.2493
0.127734375,-1238.6294
0.1279296875,-1238.3253
0.128125,-1238.2113
0.1283203125,-1238.4393
0.128515625,-1238.3633
0.1287109375,-1237.7552
0.12890625,-1237.6792
0.1291015625,-1238.1353
0.129296875,-1237.9452
0.1294921875,-1237.5271
0.1296875,-1237.5652
0.1298828125,-1237.9452
0.130078125,-1238.1353
0.1302734375,-1238.0973
0.13046875,-1238.3253
0.1306640625,-1238.3633
0.130859375,-1238.2493
0.1310546875,-1238.4014
0.13125,-1238.5154
0.1314453125,-1238.4393
0.131640625,-1238.6294
0.1318359375,-1238.7054
0.13203125,-1238.3253
0.1322265625,-1238.0212
0.132421875,-1238.1733
0.1326171875,-1238.0973
0.1328125,-1237.5652
0.1330078125,-1237.3372
0.133203125,-1237.7552
0.1333984375,-1237.9833
0.13359375,-1237.6792
0.1337890625,-1237.9833
0.133984375,-1238.5533
0.1341796875,-1238.4014
0.134375,-1238.0212
0.1345703125,-1238.0212
0.134765625,-1238.0212
0.1349609375,-1237.9833
0.13515625,-1238.1353
0.1353515625,-1238.0593
0.135546875,-1237.8693
0.1357421875,-1237.8312
0.1359375,-1237.9452
0.1361328125,-1237.7932
0.136328125,-1237.3372
0.1365234375,-1237.4891
0.13671875,-1237.8312
0.1369140625,-1237.5271
0.137109375,-1237.4131
0.1373046875,-1238.0973
0.1375,-1238.5154
0.1376953125,-1238.2874
0.137890625,-1238.3633
0.1380859375,-1238.7054
0.13828125,-1238.7434
0.1384765625,-1238.7054
0.138671875,-1238.7814
0.1388671875,-1238.8574
0.1390625,-1239.0475
0.1392578125,-1239.1235
0.139453125,-1239.1995
0.1396484375,-1238.8954
0.13984375,-1238.8574
0.1400390625,-1239.1995
0.140234375,-1239.1615
0.1404296875,-1238.8195
0.140625,-1239.0475
0.1408203125,-1239.5035
0.141015625,-1239.1235
0.1412109375,-1239.0475
0.14140625,-1239.4275
0.1416015625,-1239.5796
0.141796875,-1239.3895
0.1419921875,-1239.1995
0.1421875,-1239.4656
0.1423828125,-1239.6936
0.142578125,-1239.6556
0.1427734375,-1239.6176
0.14296875,-1239.3895
0.1431640625,-1238.9714
0.143359375,-1238.8954
0.1435546875,-1238.5533
0.14375,-1238.1353
0.1439453125,-1238.5154
0.144140625,-1239.0094
0.1443359375,-1238.8954
0.14453125,-1238.6294
0.1447265625,-1239.0854
0.144921875,-1239.5415
0.1451171875,-1239.5415
0.1453125,-1239.5035
0.1455078125,-1239.8456
0.145703125,-1240.0736
0.1458984375,-1239.8456
0.14609375,-1239.8456
0.1462890625,-1240.0356
0.146484375,-1240.0736
0.1466796875,-1240.3018
0.146875,-1240.4917
0.1470703125,-1240.1497
0.147265625,-1240.0356
0.1474609375,-1240.2257
0.14765625,-1240.0356
0.1478515625,-1239.5035
0.148046875,-1239.3135
0.1482421875,-1239.6556
0.1484375,-1239.6556
0.1486328125,-1239.1235
0.148828125,-1238.9714
0.1490234375,-1238.9714
0.14921875,-1238.2493
0.1494140625,-1237.6031
0.149609375,-1237.4891
0.1498046875,-1237.3751
0.15,-1237.3751
0.1501953125,-1237.4891
0.150390625,-1237.4512
0.1505859375,-1237.3372
0.15078125,-1237.6031
0.1509765625,-1238.0212
0.151171875,-1237.8312
0.1513671875,-1237.6412
0.1515625,-1238.0973
0.1517578125,-1238.1733
0.151953125,-1237.9452
0.1521484375,-1237.9452
0.15234375,-1238.4773
0.1525390625,-1238.5533
0.152734375,-1238.0212
0.1529296875,-1238.2113
0.153125,-1238.4393
0.1533203125,-1238.1353
0.153515625,-1238.0212
0.1537109375,-1238.0212
0.15390625,-1237.8312
0.1541015625,-1237.9452
0.154296875,-1238.2113
0.1544921875,-1238.0593
0.1546875,-1237.8693
0.1548828125,-1238.0212
0.155078125,-1238.4773
0.1552734375,-1238.4014
0.15546875,-1238.2113
0.1556640625,-1238.7434
0.155859375,-1239.1995
0.1560546875,-1239.1235
0.15625,-1238.8954
0.1564453125,-1239.1995
0.156640625,-1239.3516
0.1568359375,-1239.1995
0.15703125,-1239.3135
0.1572265625,-1239.1235
0.157421875,-1239.0475
0.1576171875,-1239.0475
0.1578125,-1238.8954
0.1580078125,-1238.4773
0.158203125,-1238.2874
0.1583984375,-1238.7814
0.15859375,-1238.8574
0.1587890625,-1238.5154
0.158984375,-1238.6294
0.1591796875,-1239.1235
0.159375,-1239.2755
0.1595703125,-1239.3135
0.159765625,-1239.6556
0.1599609375,-1240.0356
0.16015625,-1240.0736
0.1603515625,-1240.1117
0.160546875,-1239.9977
0.1607421875,-1239.5796
0.1609375,-1239.6176
0.1611328125,-1239.7316
0.161328125,-1239.4275
0.1615234375,-1239.2375
0.16171875,-1239.6176
0.1619140625,-1239.9216
0.162109375,-1239.3895
0.1623046875,-1239.1615
0.1625,-1239.2755
0.1626953125,-1239.1995
0.162890625,-1238.9714
0.1630859375,-1238.9335
0.16328125,-1239.3895
0.1634765625,-1239.4275
0.163671875,-1239.5035
0.1638671875,-1239.5415
0.1640625,-1238.9335
0.1642578125,-1238.6674
0.164453125,-1239.1235
0.1646484375,-1239.3135
0.16484375,-1238.8954
0.1650390625,-1239.0475
0.165234375,-1239.4275
0.1654296875,-1239.3135
0.165625,-1239.2375
0.1658203125,-1239.3516
0.166015625,-1239.4656
0.1662109375,-1239.3895
0.16640625,-1239.2755
0.1666015625,-1239.1995
0.166796875,-1239.0475
0.1669921875,-1239.0094
0.1671875,-1239.1995
0.1673828125,-1238.8574
0.167578125,-1237.9452
0.1677734375,-1237.9072
0.16796875,-1238.3253
0.1681640625,-1238.1353
0.168359375,-1238.1353
0.1685546875,-1238.7054
0.16875,-1239.0094
0.1689453125,-1238.9714
0.169140625,-1239.1235
0.1693359375,-1239.3516
0.16953125,-1239.4275
0.1697265625,-1239.4656
0.169921875,-1239.4275
0.1701171875,-1239.0475
0.1703125,-1238.8195
0.1705078125,-1238.9714
0.170703125,-1239.0094
0.1708984375,-1238.4773
0.17109375,-1237.9833
0.1712890625,-1238.3253
0.171484375,-1238.3633
0.1716796875,-1238.1733
0.171875,-1238.2493
0.1720703125,-1238.4393
0.172265625,-1238.5154
0.1724609375,-1238.8574
0.17265625,-1239.1995
0.1728515625,-1239.0475
0.173046875,-1239.0094
0.1732421875,-1239.3516
0.1734375,-1239.5035
0.1736328125,-1239.2375
0.173828125,-1239.2755
0.1740234375,-1239.6176
0.17421875,-1239.7697
0.1744140625,-1239.3895
0.174609375,-1239.1615
0.1748046875,-1239.1615
0.175,-1238.8954
0.1751953125,-1238.8954
0.175390625,-1238.8574
0.1755859375,-1238.4773
0.17578125,-1238.4393
0.1759765625,-1238.8574
0.176171875,-1239.1615
0.1763671875,-1238.8574
0.1765625,-1238.5914
0.1767578125,-1238.8195
0.176953125,-1238.8954
0.1771484375,-1238.5914
0.17734375,-1238.4014
0.1775390625,-1238.4393
0.177734375,-1238.3633
0.1779296875,-1238.5154
0.178125,-1238.8574
0.1783203125,-1238.7814
0.178515625,-1238.6294
0.1787109375,-1238.9714
0.17890625,-1239.1615
0.1791015625,-1238.5533
0.179296875,-1238.2493
0.1794921875,-1238.7434
0.1796875,-1238.8195
0.1798828125,-1238.6294
0.180078125,-1238.5154
0.1802734375,-1238.4014
0.18046875,-1238.1733
0.1806640625,-1238.1353
0.180859375,-1238.0593
0.1810546875,-1237.7172
0.18125,-1237.7172
0.1814453125,-1238.3633
0.181640625,-1238.7434
0.1818359375,-1238.6294
0.18203125,-1239.0094
0.1822265625,-1239.6556
0.182421875,-1239.7316
0.1826171875,-1239.5796
0.1828125,-1239.5035
0.1830078125,-1239.2755
0.183203125,-1239.1615
0.1833984375,-1239.0475
0.18359375,-1238.7434
0.1837890625,-1238.4014
0.183984375,-1238.3253
0.1841796875,-1238.5914
0.184375,-1238.5154
0.1845703125,-1238.1733
0.184765625,-1238.5154
0.1849609375,-1238.9335
0.18515625,-1238.7814
0.1853515625,-1238.7434
0.185546875,-1239.1615
0.1857421875,-1239.4275
0.1859375,-1239.3516
0.1861328125,-1239.4656
0.186328125,-1239.2755
0.1865234375,-1238.9714
0.18671875,-1239.2375
0.1869140625,-1239.3516
0.187109375,-1238.9335
0.1873046875,-1238.8574
0.1875,-1239.0854
0.1876953125,-1238.8954
0.187890625,-1238.5154
0.1880859375,-1238.5154
0.18828125,-1238.8574
0.1884765625,-1239.0854
0.188671875,-1238.9714
0.1888671875,-1239.0094
0.1890625,-1239.0475
0.1892578125,-1239.0094
0.189453125,-1239.4656
0.1896484375,-1239.3895
0.18984375,-1238.9714
0.1900390625,-1239.1995
0.190234375,-1239.4656
0.1904296875,-1239.1615
0.190625,-1238.8954
0.1908203125,-1239.0475
0.191015625,-1239.0854
0.1912109375,-1238.7434
0.19140625,-1238.7434
0.1916015625,-1238.6674
0.191796875,-1238.5533
0.1919921875,-1238.7814
0.1921875,-1238.7814
0.1923828125,-1238.4393
0.192578125,-1238.3253
0.1927734375,-1238.7814
0.19296875,-1239.0854
0.1931640625,-1238.7814
0.193359375,-1238.6294
0.1935546875,-1238.9335
0.19375,-1238.9335
0.1939453125,-1238.8954
0.194140625,-1239.0854
0.1943359375,-1239.0094
0.19453125,-1239.1615
0.1947265625,-1239.6176
0.194921875,-1239.7697
0.1951171875,-1239.5035
0.1953125,-1239.5796
0.1955078125,-1239.6176
0.195703125,-1239.0094
0.1958984375,-1238.2493
0.19609375,-1238.2113
0.1962890625,-1238.6294
0.196484375,-1238.7054
0.1966796875,-1238.8195
0.196875,-1239.0854
0.1970703125,-1239.0094
0.197265625,-1239.2755
0.1974609375,-1239.5796
0.19765625,-1239.2375
0.1978515625,-1238.9714
0.198046875,-1239.2375
0.1982421875,-1239.1995
0.1984375,-1238.5914
0.1986328125,-1238.6294
0.198828125,-1239.2755
0.1990234375,-1239.4656
0.19921875,-1239.4656
0.1994140625,-1239.5415
0.199609375,-1239.5035
0.1998046875,-1239.4656
0.2,-1239.5796
0.2001953125,-1239.4656
0.200390625,-1238.9714
0.2005859375,-1238.7814
0.20078125,-1238.8195
0.2009765625,-1238.4393
0.201171875,-1238.1353
0.2013671875,-1238.5154
0.2015625,-1238.6674
0.2017578125,-1238.4393
0.201953125,-1238.5914
0.2021484375,-1238.8195
0.20234375,-1238.7814
0.2025390625,-1239.2375
0.202734375,-1239.5415
0.2029296875,-1239.2755
0.203125,-1239.5415
0.2033203125,-1240.1117
0.203515625,-1239.9977
0.2037109375,-1239.5035
0.20390625,-1239.5796
0.2041015625,-1239.6556
0.204296875,-1239.4275
0.2044921875,-1239.1995
0.2046875,-1239.0475
0.2048828125,-1239.0475
0.205078125,-1239.0854
0.2052734375,-1239.3516
0.20546875,-1239.3895
0.2056640625,-1239.5415
0.205859375,-1240.2257
0.2060546875,-1240.4917
0.20625,-1239.9596
0.2064453125,-1239.8076
0.206640625,-1240.1877
0.2068359375,-1239.9216
0.20703125,-1239.7316
0.2072265625,-1239.6176
0.207421875,-1239.2755
0.2076171875,-1239.0854
0.2078125,-1239.0475
0.2080078125,-1238.8574
0.208203125,-1238.4014
0.2083984375,-1238.6674
0.20859375,-1238.9714
0.2087890625,-1238.7054
0.208984375,-1238.4773
0.2091796875,-1238.7054
0.209375,-1238.7814
0.2095703125,-1238.4393
0.209765625,-1238.4014
0.2099609375,-1238.4393
0.21015625,-1238.5154
0.2103515625,-1238.8574
0.210546875,-1239.0094
0.2107421875,-1238.7434
0.2109375,-1238.6674
0.2111328125,-1239.1235
0.211328125,-1238.9714
0.2115234375,-1238.4014
0.21171875,-1238.2874
0.2119140625,-1238.2113
0.212109375,-1238.1353
0.2123046875,-1238.4773
0.2125,-1238.8195
0.2126953125,-1238.7434
0.212890625,-1238.9335
0.2130859375,-1239.0475
0.21328125,-1238.5533
0.2134765625,-1238.2493
0.213671875,-1238.4014
0.2138671875,-1238.7054
0.2140625,-1238.5914
0.2142578125,-1238.6294
0.214453125,-1239.1615
0.2146484375,-1239.3516
0.21484375,-1239.8076
0.2150390625,-1240.0736
0.215234375,-1239.7697
0.2154296875,-1239.5796
0.215625,-1239.9596
0.2158203125,-1239.8837
0.216015625,-1239.1995
0.2162109375,-1239.1995
0.21640625,-1239.1995
0.2166015625,-1238.7434
0.216796875,-1238.5533
0.2169921875,-1238.7054
0.2171875,-1238.7054
0.2173828125,-1238.9335
0.217578125,-1239.5035
0.2177734375,-1239.4275
0.21796875,-1239.4656
0.2181640625,-1239.9977
0.218359375,-1240.4158
0.2185546875,-1240.3018
0.21875,-1240.0736
0.2189453125,-1240.2637
0.219140625,-1240.1877
0.2193359375,-1240.0736
0.21953125,-1240.2257
0.2197265625,-1240.0736
0.219921875,-1239.9977
0.2201171875,-1240.2257
0.2203125,-1240.3777
0.2205078125,-1239.9596
0.220703125,-1239.6176
0.2208984375,-1239.7697
0.22109375,-1239.6556
0.2212890625,-1239.1235
0.221484375,-1239.1615
0.2216796875,-1239.2755
0.221875,-1239.2755
0.2220703125,-1239.4656
0.222265625,-1239.6556
0.2224609375,-1239.3516
0.22265625,-1239.3135
0.2228515625,-1239.8076
0.223046875,-1239.3135
0.2232421875,-1238.7054
0.2234375,-1238.7814
0.2236328125,-1238.7434
0.223828125,-1238.5914
0.2240234375,-1238.5914
0.22421875,-1238.7054
0.2244140625,-1238.8195
0.224609375,-1239.2755
0.2248046875,-1239.6936
0.225,-1239.4275
0.2251953125,-1239.4275
0.225390625,-1239.6556
0.2255859375,-1239.6936
0.22578125,-1239.2375
0.2259765625,-1238.8954
0.226171875,-1238.8954
0.2263671875,-1238.5154
0.2265625,-1238.3633
0.2267578125,-1238.4393
0.226953125,-1238.5154
0.2271484375,-1238.5914
0.22734375,-1238.6674
0.2275390625,-1238.5154
0.227734375,-1238.2874
0.2279296875,-1238.5154
0.228125,-1238.7054
0.2283203125,-1238.1733
0.228515625,-1237.7172
0.2287109375,-1237.9833
0.22890625,-1237.9833
0.2291015625,-1237.9072
0.229296875,-1238.4014
0.2294921875,-1238.6674
0.2296875,-1238.7814
0.2298828125,-1239.0094
0.230078125,-1238.9714
0.2302734375,-1238.8195
0.23046875,-1239.0854
0.2306640625,-1239.4656
0.230859375,-1239.2755
0.2310546875,-1239.2375
0.23125,-1239.8076
0.2314453125,-1240.0356
0.231640625,-1239.6556
0.2318359375,-1239.6176
0.23203125,-1240.0356
0.2322265625,-1239.9596
0.232421875,-1239.5796
0.2326171875,-1239.6556
0.2328125,-1240.1877
0.2330078125,-1240.2637
0.233203125,-1240.3397
0.2333984375,-1240.8339
0.23359375,-1240.9479
0.2337890625,-1240.7958
0.233984375,-1240.7198
0.2341796875,-1240.2257
0.234375,-1239.5415
0.2345703125,-1239.7316
0.234765625,-1239.7697
0.2349609375,-1239.2375
0.23515625,-1239.1615
0.2353515625,-1239.5796
0.235546875,-1239.6556
0.2357421875,-1239.3516
0.2359375,-1239.5796
0.2361328125,-1239.9596
0.236328125,-1239.7316
0.2365234375,-1239.1995
0.23671875,-1239.3135
0.2369140625,-1239.4275
0.237109375,-1239.1995
0.2373046875,-1239.1995
0.2375,-1238.9335
0.2376953125,-1238.5533
0.237890625,-1238.5533
0.2380859375,-1238.5533
0.23828125,-1237.9833
0.2384765625,-1237.7552
0.238671875,-1238.1353
0.2388671875,-1237.9072
0.2390625,-1237.4131
0.2392578125,-1237.6412
0.239453125,-1237.8312
0.2396484375,-1237.6792
0.23984375,-1237.8312
0.2400390625,-1237.9452
0.240234375,-1238.0212
0.2404296875,-1238.1733
0.240625,-1238.2874
0.2408203125,-1237.9833
0.241015625,-1237.6792
0.2412109375,-1237.9833
0.24140625,-1238.0973
0.2416015625,-1237.7172
0.241796875,-1237.6792
0.2419921875,-1238.2113
0.2421875,-1238.4773
0.2423828125,-1238.5914
0.242578125,-1238.8195
0.2427734375,-1239.3895
0.24296875,-1239.4656
0.2431640625,-1239.5415
0.243359375,-1239.9216
0.2435546875,-1239.7697
0.24375,-1239.9977
0.2439453125,-1240.5298
0.244140625,-1240.4537
0.2443359375,-1240.2257
0.24453125,-1240.6818
0.2447265625,-1241.0238
0.244921875,-1240.7198
0.2451171875,-1240.6438
0.2453125,-1241.0619
0.2455078125,-1241.1759
0.245703125,-1240.9479
0.2458984375,-1240.8718
0.24609375,-1240.7958
0.2462890625,-1240.7198
0.246484375,-1240.6438
0.2466796875,-1240.6058
0.246875,-1240.2257
0.2470703125,-1239.9977
0.247265625,-1240.2637
0.2474609375,-1240.1877
0.24765625,-1239.9977
0.2478515625,-1240.1877
0.248046875,-1240.7958
0.2482421875,-1240.7198
0.2484375,-1240.2257
0.2486328125,-1240.1117
0.248828125,-1239.9977
0.2490234375,-1239.3895
0.24921875,-1238.8954
0.2494140625,-1238.7814
0.249609375,-1238.7054
0.2498046875,-1239.0094
0.25,-1239.2375
0.2501953125,-1239.3516
0.250390625,-1239.5035
0.2505859375,-1239.8456
0.25078125,-1239.9596
0.2509765625,-1239.6936
0.251171875,-1239.6556
0.2513671875,-1240.1117
0.2515625,-1240.3018
0.2517578125,-1239.7697
0.251953125,-1239.7697
0.2521484375,-1239.9596
0.25234375,-1239.8837
0.2525390625,-1239.7697
0.252734375,-1239.7697
0.2529296875,-1239.5415
0.253125,-1239.4275
0.2533203125,-1239.8837
0.253515625,-1239.6936
0.2537109375,-1239.2755
0.25390625,-1239.3895
0.2541015625,-1239.7697
0.254296875,-1239.6556
0.2544921875,-1239.8076
0.2546875,-1240.2257
0.2548828125,-1240.2637
0.255078125,-1240.4158
0.2552734375,-1240.4158
0.25546875,-1240.0736
0.2556640625,-1239.7316
0.255859375,-1240.0356
0.2560546875,-1240.0356
0.25625,-1239.4656
0.2564453125,-1239.5796
0.256640625,-1240.1117
0.2568359375,-1240.2257
0.25703125,-1240.1497
0.2572265625,-1240.4917
0.257421875,-1240.7958
0.2576171875,-1240.6818
0.2578125,-1240.6438
0.2580078125,-1240.7578
0.258203125,-1240.7198
0.2583984375,-1240.7198
0.25859375,-1240.8339
0.2587890625,-1240.6818
0.258984375,-1240.6818
0.2591796875,-1241.0619
0.259375,-1241.0238
0.2595703125,-1240.5298
0.259765625,-1240.7958
0.2599609375,-1241.0238
0.26015625,-1240.3777
0.2603515625,-1239.8837
0.260546875,-1240.0356
0.2607421875,-1240.1117
0.2609375,-1239.8076
0.2611328125,-1239.8456
0.261328125,-1239.9596
0.2615234375,-1239.9216
0.26171875,-1240.1117
0.2619140625,-1240.1497
0.262109375,-1239.9216
0.2623046875,-1240.1877
0.2625,-1240.4537
0.2626953125,-1240.2257
0.262890625,-1240.2257
0.2630859375,-1240.5677
0.26328125,-1240.4537
0.2634765625,-1239.8456
0.263671875,-1239.4275
0.2638671875,-1239.5796
0.2640625,-1239.2755
0.2642578125,-1238.5154
0.264453125,-1238.3633
0.2646484375,-1238.3253
0.26484375,-1237.9833
0.2650390625,-1237.8693
0.265234375,-1237.9452
0.2654296875,-1237.7932
0.265625,-1237.7172
0.2658203125,-1237.5652
0.266015625,-1237.071
0.2662109375,-1236.9191
0.26640625,-1237.185
0.2666015625,-1236.767
0.266796875,-1236.273
0.2669921875,-1236.805
0.2671875,-1236.805
0.2673828125,-1236.501
0.267578125,-1236.577
0.2677734375,-1236.767
0.26796875,-1236.615
0.2681640625,-1236.539
0.268359375,-1236.729
0.2685546875,-1236.653
0.26875,-1236.691
0.2689453125,-1236.767
0.269140625,-1236.653
0.2693359375,-1236.691
0.26953125,-1237.2231
0.2697265625,-1237.2231
0.269921875,-1236.805
0.2701171875,-1237.1471
0.2703125,-1237.3751
0.2705078125,-1237.1471
0.270703125,-1237.071
0.2708984375,-1237.6412
0.27109375,-1238.0593
0.2712890625,-1238.0973
0.271484375,-1238.5154
0.2716796875,-1238.9714
0.271875,-1239.0854
0.2720703125,-1239.0854
0.272265625,-1239.1615
0.2724609375,-1239.2375
0.27265625,-1239.3516
0.2728515625,-1239.6176
0.273046875,-1239.5796
0.2732421875,-1239.3135
0.2734375,-1239.3895
0.2736328125,-1239.5796
0.273828125,-1239.1235
0.2740234375,-1238.7434
0.27421875,-1239.0854
0.2744140625,-1239.3135
0.274609375,-1239.0854
0.2748046875,-1239.2755
0.275,-1239.7316
0.2751953125,-1239.5796
0.275390625,-1239.4656
0.2755859375,-1239.3516
0.27578125,-1239.0854
0.2759765625,-1238.9714
0.276171875,-1239.0854
0.2763671875,-1239.1615
0.2765625,-1238.8954
0.2767578125,-1239.2375
0.276953125,-1239.6936
0.2771484375,-1239.5415
0.27734375,-1239.4275
0.2775390625,-1239.8076
0.277734375,-1240.1877
0.2779296875,-1239.9216
0.278125,-1239.7316
0.2783203125,-1240.1117
0.278515625,-1240.2257
0.2787109375,-1239.9977
0.27890625,-1240.1497
0.2791015625,-1240.3397
0.279296875,-1240.5298
0.2794921875,-1240.9858
0.2796875,-1241.138
0.2798828125,-1240.8339
0.280078125,-1240.9858
0.2802734375,-1241.2899
0.28046875,-1240.9098
0.2806640625,-1240.4158
0.280859375,-1240.6438
0.2810546875,-1240.8339
0.28125,-1240.4158
0.2814453125,-1240.2637
0.281640625,-1240.6818
0.2818359375,-1240.7958
0.28203125,-1240.6818
0.2822265625,-1240.6818
0.282421875,-1240.6818
0.2826171875,-1240.5677
0.2828125,-1240.4917
0.2830078125,-1240.6058
0.283203125,-1240.4537
0.2833984375,-1240.6818
0.28359375,-1241.252
0.2837890625,-1241.0999
0.283984375,-1240.6058
0.2841796875,-1240.6058
0.284375,-1241.0238
0.2845703125,-1240.7578
0.284765625,-1240.7578
0.2849609375,-1241.138
0.28515625,-1241.0999
0.2853515625,-1241.0619
0.285546875,-1241.138
0.2857421875,-1241.138
0.2859375,-1241.0619
0.2861328125,-1241.4419
0.286328125,-1241.5559
0.2865234375,-1241.0238
0.28671875,-1240.8718
0.2869140625,-1240.9858
0.287109375,-1240.7198
0.2873046875,-1240.2637
0.2875,-1240.4537
0.2876953125,-1240.7958
0.287890625,-1240.7958
0.2880859375,-1241.0619
0.28828125,-1241.2139
0.2884765625,-1241.3279
0.288671875,-1241.48
0.2888671875,-1241.518
0.2890625,-1241.2139
0.2892578125,-1241.1759
0.289453125,-1241.632
0.2896484375,-1241.67
0.28984375,-1241.3279
0.2900390625,-1241.4039
0.290234375,-1241.594
0.2904296875,-1241.3279
0.290625,-1241.0238
0.2908203125,-1240.8718
0.291015625,-1240.8339
0.2912109375,-1240.7958
0.29140625,-1241.0999
0.2916015625,-1241.138
0.291796875,-1240.9479
0.2919921875,-1241.4419
0.2921875,-1241.746
0.2923828125,-1241.366
0.292578125,-1241.1759
0.2927734375,-1241.366
0.29296875,-1241.2899
0.2931640625,-1240.7958
0.293359375,-1240.7198
0.2935546875,-1240.8339
0.29375,-1240.7958
0.2939453125,-1240.8339
0.294140625,-1240.8339
0.2943359375,-1240.7958
0.29453125,-1240.9858
0.2947265625,-1241.138
0.294921875,-1241.0999
0.2951171875,-1240.7198
0.2953125,-1240.9098
0.2955078125,-1241.252
0.295703125,-1240.8339
0.2958984375,-1240.5298
0.29609375,-1240.7578
0.2962890625,-1240.8339
0.296484375,-1240.3018
0.2966796875,-1240.1117
0.296875,-1240.1877
0.2970703125,-1239.9596
0.297265625,-1239.7697
0.2974609375,-1239.8076
0.29765625,-1239.6936
0.2978515625,-1239.6556
0.298046875,-1239.9977
0.2982421875,-1239.9216
0.2984375,-1239.5415
0.2986328125,-1239.5796
0.298828125,-1240.1497
0.2990234375,-1240.3397
0.29921875,-1239.9977
0.2994140625,-1240.1497
0.299609375,-1240.3777
0.2998046875,-1240.3777
0.3,-1240.2637
0.3001953125,-1240.2637
0.300390625,-1240.1497
0.3005859375,-1240.0736
0.30078125,-1240.2257
0.3009765625,-1240.1117
0.301171875,-1239.6176
0.3013671875,-1239.5415
0.3015625,-1239.8076
0.3017578125,-1239.5415
0.301953125,-1239.3135
0.3021484375,-1239.5415
0.30234375,-1239.6936
0.3025390625,-1239.5796
0.302734375,-1239.8456
0.3029296875,-1240.1877
0.303125,-1240.0356
0.3033203125,-1240.1877
0.303515625,-1240.2257
0.3037109375,-1239.7697
0.30390625,-1239.6176
0.3041015625,-1240.0356
0.304296875,-1239.9216
0.3044921875,-1239.2755
0.3046875,-1239.3516
0.3048828125,-1239.7697
0.305078125,-1239.8837
0.3052734375,-1240.0736
0.30546875,-1240.1877
0.3056640625,-1239.9216
0.305859375,-1239.8456
0.3060546875,-1239.8076
0.30625,-1239.3135
0.3064453125,-1238.8954
0.306640625,-1238.9335
0.3068359375,-1238.8574
0.30703125,-1238.3633
0.3072265625,-1238.2874
0.307421875,-1238.5533
0.3076171875,-1238.3633
0.3078125,-1237.9833
0.3080078125,-1238.0973
0.308203125,-1238.4773
0.3083984375,-1238.6294
0.30859375,-1238.5914
0.3087890625,-1238.7814
0.308984375,-1238.8954
0.3091796875,-1239.0094
0.309375,-1239.2375
0.3095703125,-1238.8954
0.309765625,-1238.9335
0.3099609375,-1239.6556
0.31015625,-1239.7697
0.3103515625,-1239.6936
0.310546875,-1240.1877
0.3107421875,-1240.3777
0.3109375,-1239.9216
0.3111328125,-1239.7316
0.311328125,-1240.0356
0.3115234375,-1240.0356
0.31171875,-1239.9216
0.3119140625,-1240.2257
0.312109375,-1240.4917
0.3123046875,-1240.9098
0.3125,-1241.0999
0.3126953125,-1240.8718
0.312890625,-1241.2139
0.3130859375,-1241.8981
0.31328125,-1242.05
0.3134765625,-1241.8981
0.313671875,-1242.2401
0.3138671875,-1242.3162
0.3140625,-1241.86
0.3142578125,-1241.86
0.314453125,-1242.3162
0.3146484375,-1242.3162
0.31484375,-1242.088
0.3150390625,-1242.3162
0.315234375,-1242.3541
0.3154296875,-1242.2781
0.315625,-1242.4681
0.3158203125,-1242.5061
0.316015625,-1242.5061
0.3162109375,-1242.8862
0.31640625,-1242.8862
0.3166015625,-1242.3541
0.316796875,-1242.3541
0.3169921875,-1242.5442
0.3171875,-1241.974
0.3173828125,-1241.8981
0.317578125,-1242.3541
0.3177734375,-1241.936
0.31796875,-1241.518
0.3181640625,-1241.746
0.318359375,-1242.0121
0.3185546875,-1241.974
0.31875,-1242.088
0.3189453125,-1242.088
0.319140625,-1241.8981
0.3193359375,-1241.974
0.31953125,-1241.822
0.3197265625,-1241.4039
0.319921875,-1241.5559
0.3201171875,-1241.594
0.3203125,-1241.0999
0.3205078125,-1241.0999
0.320703125,-1241.594
0.3208984375,-1241.1759
0.32109375,-1240.8718
0.3212890625,-1241.67
0.321484375,-1241.974
0.3216796875,-1241.822
0.321875,-1241.936
0.3220703125,-1242.0121
0.322265625,-1242.3921
0.3224609375,-1242.7343
0.32265625,-1242.6201
0.3228515625,-1242.5061
0.323046875,-1242.7722
0.3232421875,-1242.5442
0.3234375,-1242.05
0.3236328125,-1242.3921
0.323828125,-1242.5061
0.3240234375,-1242.3162
0.32421875,-1242.5061
0.3244140625,-1243.0002
0.324609375,-1243.1903
0.3248046875,-1243.1523
0.325,-1243.2283
0.3251953125,-1243.0382
0.325390625,-1243.1903
0.3255859375,-1243.1903
0.32578125,-1242.8102
0.3259765625,-1242.9242
0.326171875,-1243.2664
0.3263671875,-1243.0382
0.3265625,-1242.8102
0.3267578125,-1243.1523
0.326953125,-1243.1903
0.3271484375,-1242.8862
0.32734375,-1243.1523
0.3275390625,-1243.4183
0.327734375,-1243.5703
0.3279296875,-1243.7224
0.328125,-1243.4183
0.3283203125,-1243.2664
0.328515625,-1243.3804
0.3287109375,-1243.1143
0.32890625,-1242.5442
0.3291015625,-1242.7343
0.329296875,-1242.9623
0.3294921875,-1242.6962
0.3296875,-1242.7722
0.3298828125,-1242.6201
0.330078125,-1242.7722
0.3302734375,-1243.2283
0.33046875,-1243.0763
0.3306640625,-1242.8102
0.330859375,-1243.0382
0.3310546875,-1242.8862
0.33125,-1242.5442
0.3314453125,-1242.6962
0.331640625,-1242.9242
0.3318359375,-1242.8483
0.33203125,-1242.9242
0.3322265625,-1243.0763
0.332421875,-1243.0763
0.3326171875,-1243.5323
0.3328125,-1243.5323
0.3330078125,-1243.2664
0.333203125,-1243.6844
0.3333984375,-1243.6844
0.33359375,-1243.0002
0.3337890625,-1243.0763
0.333984375,-1243.3804
0.3341796875,-1242.9623
0.334375,-1243.1523
0.3345703125,-1243.4944
0.334765625,-1243.6084
0.3349609375,-1243.7224
0.33515625,-1243.9504
0.3353515625,-1244.0265
0.335546875,-1244.2925
0.3357421875,-1244.6345
0.3359375,-1244.1785
0.3361328125,-1244.3306
0.336328125,-1244.8627
0.3365234375,-1244.6726
0.33671875,-1244.2545
0.3369140625,-1244.5966
0.337109375,-1244.6726
0.3373046875,-1244.1024
0.3375,-1244.1405
0.3376953125,-1244.2925
0.337890625,-1244.1024
0.3380859375,-1244.2166
0.33828125,-1244.3306
0.3384765625,-1244.3685
0.338671875,-1244.6726
0.3388671875,-1244.5205
0.3390625,-1244.2545
0.3392578125,-1244.5205
0.339453125,-1244.3306
0.3396484375,-1243.7985
0.33984375,-1244.0645
0.3400390625,-1244.5586
0.340234375,-1244.4446
0.3404296875,-1244.6345
0.340625,-1245.3187
0.3408203125,-1245.3567
0.341015625,-1245.2047
0.3412109375,-1245.3948
0.34140625,-1245.3567
0.3416015625,-1245.3567
0.341796875,-1245.1287
0.3419921875,-1245.2047
0.3421875,-1245.2427
0.3423828125,-1245.1287
0.342578125,-1245.1666
0.3427734375,-1244.9767
0.34296875,-1244.9767
0.3431640625,-1244.6345
0.343359375,-1244.4446
0.3435546875,-1244.8246
0.34375,-1244.9006
0.3439453125,-1244.8246
0.344140625,-1244.9386
0.3443359375,-1245.1287
0.34453125,-1244.8627
0.3447265625,-1244.6345
0.344921875,-1244.8246
0.3451171875,-1244.8246
0.3453125,-1244.7106
0.3455078125,-1244.4065
0.345703125,-1244.0645
0.3458984375,-1243.6464
0.34609375,-1243.2664
0.3462890625,-1243.2664
0.346484375,-1243.3423
0.3466796875,-1243.3423
0.346875,-1243.7985
0.3470703125,-1244.2166
0.347265625,-1243.9504
0.3474609375,-1243.7604
0.34765625,-1243.5323
0.3478515625,-1242.8483
0.348046875,-1242.6582
0.3482421875,-1242.5822
0.3484375,-1242.4681
0.3486328125,-1242.9242
0.348828125,-1243.0763
0.3490234375,-1243.0382
0.34921875,-1243.8744
0.3494140625,-1243.9504
0.349609375,-1243.4183
0.3498046875,-1243.6084
0.35,-1243.6844
0.3501953125,-1243.6464
0.350390625,-1243.7604
0.3505859375,-1243.6464
0.35078125,-1243.9125
0.3509765625,-1244.2545
0.351171875,-1243.8744
0.3513671875,-1244.1024
0.3515625,-1244.5966
0.3517578125,-1244.4446
0.351953125,-1244.4825
0.3521484375,-1244.7487
0.35234375,-1244.5586
0.3525390625,-1244.4065
0.352734375,-1244.4065
0.3529296875,-1244.0265
0.353125,-1244.0265
0.3533203125,-1244.0645
0.353515625,-1243.6084
0.3537109375,-1243.7224
0.35390625,-1244.3685
0.3541015625,-1244.2166
0.354296875,-1243.7224
0.3544921875,-1243.8744
0.3546875,-1243.8744
0.3548828125,-1243.5703
0.355078125,-1243.5323
0.3552734375,-1243.4944
0.35546875,-1243.4183
0.3556640625,-1243.7604
0.355859375,-1243.7224
0.3560546875,-1243.2283
0.35625,-1243.6084
0.3564453125,-1243.7985
0.356640625,-1243.3423
0.3568359375,-1243.3043
0.35703125,-1243.6084
0.3572265625,-1243.2283
0.357421875,-1242.9242
0.3576171875,-1243.3804
0.3578125,-1243.4183
0.3580078125,-1243.1903
0.358203125,-1243.0763
0.3583984375,-1242.6582
0.35859375,-1242.5061
0.3587890625,-1242.5061
0.358984375,-1242.05
0.3591796875,-1242.05
0.359375,-1242.4681
0.3595703125,-1242.5442
0.359765625,-1242.2401
0.3599609375,-1242.5442
0.36015625,-1242.5442
0.3603515625,-1242.3162
0.360546875,-1242.4681
0.3607421875,-1242.4302
0.3609375,-1242.7722
0.3611328125,-1242.8102
0.361328125,-1242.3921
0.3615234375,-1242.7343
0.36171875,-1242.8483
0.3619140625,-1242.2401
0.362109375,-1242.088
0.3623046875,-1242.2401
0.3625,-1242.1261
0.3626953125,-1242.2021
0.362890625,-1242.1641
0.3630859375,-1242.05
0.36328125,-1242.2781
0.3634765625,-1242.3162
0.363671875,-1241.974
0.3638671875,-1242.2781
0.3640625,-1242.3162
0.3642578125,-1241.594
0.364453125,-1241.784
0.3646484375,-1241.936
0.36484375,-1241.4039
0.3650390625,-1241.3279
0.365234375,-1241.594
0.3654296875,-1241.746
0.365625,-1242.0121
0.3658203125,-1242.05
0.366015625,-1241.8981
0.3662109375,-1242.3541
0.36640625,-1242.6962
0.3666015625,-1242.3162
0.366796875,-1242.3541
0.3669921875,-1242.7343
0.3671875,-1242.3162
0.3673828125,-1241.822
0.367578125,-1241.746
0.3677734375,-1241.48
0.36796875,-1241.5559
0.3681640625,-1241.746
0.368359375,-1241.632
0.3685546875,-1242.1261
0.36875,-1242.3541
0.3689453125,-1242.0121
0.369140625,-1242.05
0.3693359375,-1242.1641
0.36953125,-1241.86
0.3697265625,-1241.708
0.369921875,-1241.822
0.3701171875,-1241.708
0.3703125,-1241.746
0.3705078125,-1241.784
0.370703125,-1241.518
0.3708984375,-1241.86
0.37109375,-1242.088
0.3712890625,-1241.822
0.371484375,-1241.86
0.3716796875,-1242.1641
0.371875,-1242.05
0.3720703125,-1241.822
0.372265625,-1241.936
0.3724609375,-1241.822
0.37265625,-1241.518
0.3728515625,-1241.366
0.373046875,-1240.9479
0.3732421875,-1240.8339
0.3734375,-1240.9858
0.3736328125,-1240.4537
0.373828125,-1240.4917
0.3740234375,-1240.9858
0.37421875,-1240.6818
0.3744140625,-1240.6818
0.374609375,-1241.0999
0.3748046875,-1240.9858
0.375,-1240.9858
0.3751953125,-1240.9098
0.375390625,-1240.6438
0.3755859375,-1240.8339
0.37578125,-1240.4158
0.3759765625,-1239.8456
0.376171875,-1240.2637
0.3763671875,-1240.2637
0.3765625,-1239.9977
0.3767578125,-1240.2637
0.376953125,-1240.6818
0.3771484375,-1240.7578
0.37734375,-1240.8718
0.3775390625,-1241.0619
0.377734375,-1241.0238
0.3779296875,-1241.2139
0.378125,-1241.1759
0.3783203125,-1240.7578
0.378515625,-1240.8339
0.3787109375,-1241.0999
0.37890625,-1240.9858
0.3791015625,-1240.6818
0.379296875,-1240.9858
0.3794921875,-1241.4419
0.3796875,-1241.2899
0.3798828125,-1241.366
0.380078125,-1241.822
0.3802734375,-1241.822
0.38046875,-1241.48
0.3806640625,-1241.2899
0.380859375,-1241.0999
0.3810546875,-1241.0238
0.38125,-1241.1759
0.3814453125,-1241.0999
0.381640625,-1240.7578
0.3818359375,-1240.7578
0.38203125,-1240.7958
0.3822265625,-1240.2257
0.382421875,-1240.0736
0.3826171875,-1240.6438
0.3828125,-1240.3018
0.3830078125,-1239.8076
0.383203125,-1240.2637
0.3833984375,-1240.3397
0.38359375,-1240.0736
0.3837890625,-1240.3397
0.383984375,-1240.7958
0.3841796875,-1240.8718
0.384375,-1240.8339
0.3845703125,-1241.0238
0.384765625,-1240.9098
0.3849609375,-1240.7578
0.38515625,-1240.9098
0.3853515625,-1240.7578
0.385546875,-1240.8339
0.3857421875,-1240.9858
0.3859375,-1240.6438
0.3861328125,-1240.3397
0.386328125,-1240.6438
0.3865234375,-1240.7198
0.38671875,-1240.1117
0.3869140625,-1240.0356
0.387109375,-1240.3777
0.3873046875,-1240.1497
0.3875,-1239.8837
0.3876953125,-1240.1117
0.387890625,-1240.1877
0.3880859375,-1239.7697
0.38828125,-1239.8076
0.3884765625,-1240.1117
0.388671875,-1239.9216
0.3888671875,-1239.5035
0.3890625,-1239.3895
0.3892578125,-1239.3895
0.389453125,-1239.1615
0.3896484375,-1238.9714
0.38984375,-1238.9714
0.3900390625,-1238.8195
0.390234375,-1238.8574
0.3904296875,-1238.9335
0.390625,-1239.0475
0.3908203125,-1239.1615
0.391015625,-1239.1615
0.3912109375,-1238.9714
0.39140625,-1238.7054
0.3916015625,-1238.8195
0.391796875,-1238.6674
0.3919921875,-1238.4773
0.3921875,-1238.9335
0.3923828125,-1239.2755
0.392578125,-1238.8195
0.3927734375,-1238.7054
0.39296875,-1239.2375
0.3931640625,-1238.8954
0.393359375,-1238.5154
0.3935546875,-1238.8954
0.39375,-1238.9714
0.3939453125,-1238.4773
0.394140625,-1238.5533
0.3943359375,-1238.9714
0.39453125,-1238.7434
0.3947265625,-1238.5154
0.394921875,-1238.7814
0.3951171875,-1238.8574
0.3953125,-1238.5914
0.3955078125,-1238.6294
0.395703125,-1238.5533
0.3958984375,-1238.2493
0.39609375,-1238.2113
0.3962890625,-1238.3633
0.396484375,-1238.4014
0.3966796875,-1238.4393
0.396875,-1238.3633
0.3970703125,-1238.1353
0.397265625,-1238.2113
0.3974609375,-1238.2493
0.39765625,-1237.8693
0.3978515625,-1237.5652
0.398046875,-1237.9833
0.3982421875,-1238.2874
0.3984375,-1238.0212
0.3986328125,-1237.9452
0.398828125,-1238.2874
0.3990234375,-1238.2113
0.39921875,-1237.7552
0.3994140625,-1237.9452
0.399609375,-1238.0593
0.3998046875,-1237.7552
0.4,-1237.6412
0.4001953125,-1237.9072
0.400390625,-1237.9072
0.4005859375,-1237.6412
0.40078125,-1237.5271
0.4009765625,-1237.4512
0.401171875,-1237.3751
0.4013671875,-1237.8312
0.4015625,-1238.2113
0.4017578125,-1237.9452
0.401953125,-1237.9072
0.4021484375,-1238.0973
0.40234375,-1237.9452
0.4025390625,-1237.4512
0.402734375,-1237.4512
0.4029296875,-1237.6031
0.403125,-1237.0331
0.4033203125,-1236.577
0.403515625,-1236.767
0.4037109375,-1237.071
0.40390625,-1236.691
0.4041015625,-1236.4249
0.404296875,-1236.691
0.4044921875,-1236.767
0.4046875,-1236.767
0.4048828125,-1236.805
0.405078125,-1236.615
0.4052734375,-1236.4249
0.40546875,-1236.9191
0.4056640625,-1237.071
0.405859375,-1236.843
0.4060546875,-1237.0331
0.40625,-1237.1091
0.4064453125,-1236.729
0.406640625,-1236.273
0.4068359375,-1236.539
0.40703125,-1236.615
0.4072265625,-1236.1589
0.407421875,-1236.0449
0.4076171875,-1236.1969
0.4078125,-1236.0829
0.4080078125,-1235.9308
0.408203125,-1235.8549
0.4083984375,-1235.6268
0.40859375,-1235.4747
0.4087890625,-1235.3987
0.408984375,-1235.4747
0.4091796875,-1235.1327
0.409375,-1235.2467
0.4095703125,-1235.6648
0.409765625,-1235.3607
0.4099609375,-1234.9806
0.41015625,-1235.0947
0.4103515625,-1235.3607
0.410546875,-1235.0187
0.4107421875,-1234.5626
0.4109375,-1234.7146
0.4111328125,-1234.6006
0.411328125,-1234.1064
0.4115234375,-1234.0305
0.41171875,-1234.0305
0.4119140625,-1234.0685
0.412109375,-1234.1445
0.4123046875,-1234.1445
0.4125,-1233.9545
0.4126953125,-1233.9545
0.412890625,-1234.5245
0.4130859375,-1234.5626
0.41328125,-1234.2585
0.4134765625,-1234.3345
0.413671875,-1234.5626
0.4138671875,-1234.3726
0.4140625,-1233.9924
0.4142578125,-1234.3345
0.414453125,-1234.6385
0.4146484375,-1234.4485
0.41484375,-1234.4105
0.4150390625,-1234.6766
0.415234375,-1234.5626
0.4154296875,-1234.1445
0.415625,-1233.9545
0.4158203125,-1233.8024
0.416015625,-1233.6124
0.4162109375,-1233.5743
0.41640625,-1233.5743
0.4166015625,-1233.0422
0.416796875,-1232.8522
0.4169921875,-1233.0422
0.4171875,-1232.8142
0.4173828125,-1232.3201
0.417578125,-1232.3201
0.4177734375,-1232.6622
0.41796875,-1232.4722
0.4181640625,-1232.5101
0.418359375,-1233.0043
0.4185546875,-1233.3083
0.41875,-1233.2703
0.4189453125,-1233.3463
0.419140625,-1233.7644
0.4193359375,-1233.8784
0.41953125,-1234.0305
0.4197265625,-1234.2585
0.419921875,-1234.1445
0.4201171875,-1234.2585
0.4203125,-1234.7146
0.4205078125,-1234.7906
0.420703125,-1234.5626
0.4208984375,-1234.9806
0.42109375,-1235.7408
0.4212890625,-1235.7408
0.421484375,-1235.7408
0.4216796875,-1236.1969
0.421875,-1236.501
0.4220703125,-1236.615
0.422265625,-1236.767
0.4224609375,-1236.881
0.42265625,-1236.881
0.4228515625,-1237.0331
0.423046875,-1237.1091
0.4232421875,-1237.3751
0.4234375,-1237.7552
0.4236328125,-1238.4393
0.423828125,-1238.8195
0.4240234375,-1238.7054
0.42421875,-1239.0854
0.4244140625,-1239.4275
0.424609375,-1239.2755
0.4248046875,-1239.0854
0.425,-1239.5035
0.4251953125,-1239.9977
0.425390625,-1240.0356
0.4255859375,-1240.3018
0.42578125,-1240.7578
0.4259765625,-1241.0999
0.426171875,-1241.5559
0.4263671875,-1242.0121
0.4265625,-1242.1641
0.4267578125,-1242.5822
0.426953125,-1242.9623
0.4271484375,-1242.5822
0.42734375,-1242.2401
0.4275390625,-1242.5442
0.427734375,-1242.6582
0.4279296875,-1242.3921
0.428125,-1242.7343
0.4283203125,-1243.1523
0.428515625,-1242.8862
0.4287109375,-1242.6582
0.42890625,-1242.6962
0.4291015625,-1242.6582
0.429296875,-1242.5442
0.4294921875,-1242.3541
0.4296875,-1241.822
0.4298828125,-1241.822
0.430078125,-1242.088
0.4302734375,-1241.48
0.43046875,-1241.138
0.4306640625,-1241.67
0.430859375,-1241.708
0.4310546875,-1241.2139
0.43125,-1241.1759
0.4314453125,-1241.366
0.431640625,-1240.9858
0.4318359375,-1240.6058
0.43203125,-1240.8718
0.4322265625,-1240.7578
0.432421875,-1240.3777
0.4326171875,-1240.3397
0.4328125,-1240.3397
0.4330078125,-1240.4917
0.433203125,-1240.6058
0.4333984375,-1240.5298
0.43359375,-1240.2637
0.4337890625,-1240.3397
0.433984375,-1240.0736
0.4341796875,-1239.3516
0.434375,-1239.1995
0.4345703125,-1239.3135
0.434765625,-1239.0854
0.4349609375,-1238.5914
0.43515625,-1238.5914
0.4353515625,-1238.8195
0.435546875,-1238.5914
0.4357421875,-1238.3253
0.4359375,-1238.6294
0.4361328125,-1238.7434
0.436328125,-1238.4014
0.4365234375,-1238.4773
0.43671875,-1238.6294
0.4369140625,-1238.5533
0.437109375,-1238.5914
0.4373046875,-1238.7434
0.4375,-1238.5154
0.4376953125,-1238.6674
0.437890625,-1239.0094
0.4380859375,-1238.6674
0.43828125,-1238.6674
0.4384765625,-1239.1995
0.438671875,-1239.5415
0.4388671875,-1239.3895
0.4390625,-1239.5796
0.4392578125,-1240.1497
0.439453125,-1240.3018
0.4396484375,-1240.0356
0.43984375,-1240.0736
0.4400390625,-1240.2637
0.440234375,-1240.0356
0.4404296875,-1239.8456
0.440625,-1239.8456
0.4408203125,-1240.0356
0.441015625,-1240.2257
0.4412109375,-1240.3397
0.44140625,-1240.1117
0.4416015625,-1239.7316
0.441796875,-1240.0736
0.4419921875,-1240.1877
0.4421875,-1239.8076
0.4423828125,-1239.8837
0.442578125,-1240.1877
0.4427734375,-1239.8837
0.44296875,-1239.3516
0.4431640625,-1239.3895
0.443359375,-1239.5415
0.4435546875,-1239.1995
0.44375,-1238.8574
0.4439453125,-1238.8954
0.444140625,-1239.0094
0.4443359375,-1239.1235
0.44453125,-1238.9335
0.4447265625,-1238.8195
0.444921875,-1238.8954
0.4451171875,-1239.1995
0.4453125,-1239.5796
0.4455078125,-1239.3516
0.445703125,-1239.4656
0.4458984375,-1239.9596
0.44609375,-1239.6936
0.4462890625,-1239.3516
0.446484375,-1239.5796
0.4466796875,-1239.4656
0.446875,-1238.7054
0.4470703125,-1238.2874
0.447265625,-1238.2874
0.4474609375,-1237.9833
0.44765625,-1237.9072
0.4478515625,-1237.9833
0.448046875,-1237.8312
0.4482421875,-1238.0593
0.4484375,-1238.4014
0.4486328125,-1238.5154
0.448828125,-1238.4014
0.4490234375,-1238.7814
0.44921875,-1239.0475
0.4494140625,-1238.8195
0.449609375,-1238.7814
0.4498046875,-1239.0094
0.45,-1239.0094
0.4501953125,-1238.6674
0.450390625,-1238.6674
0.4505859375,-1238.9335
0.45078125,-1238.7814
0.4509765625,-1238.7814
0.451171875,-1239.0094
0.4513671875,-1238.9335
0.4515625,-1238.9335
0.4517578125,-1239.0854
0.451953125,-1238.8195
0.4521484375,-1238.4393
0.45234375,-1238.8195
0.4525390625,-1239.1995
0.452734375,-1238.9335
0.4529296875,-1239.2755
0.453125,-1239.9216
0.4533203125,-1240.0736
0.453515625,-1240.0356
0.4537109375,-1240.2637
0.45390625,-1240.6818
0.4541015625,-1240.6058
0.454296875,-1240.7198
0.4544921875,-1240.9098
0.4546875,-1240.7578
0.4548828125,-1240.7958
0.455078125,-1240.7198
0.4552734375,-1240.4158
0.45546875,-1240.3397
0.4556640625,-1240.8718
0.455859375,-1241.1759
0.4560546875,-1240.6438
0.45625,-1240.5298
0.4564453125,-1240.7198
0.456640625,-1240.1877
0.4568359375,-1239.5415
0.45703125,-1239.5796
0.4572265625,-1239.3895
0.457421875,-1238.8954
0.4576171875,-1239.0094
0.4578125,-1239.0854
0.4580078125,-1239.0475
0.458203125,-1239.0854
0.4583984375,-1238.8195
0.45859375,-1238.1733
0.4587890625,-1237.8312
0.458984375,-1238.0593
0.4591796875,-1237.6792
0.459375,-1237.071
0.4595703125,-1237.2611
0.459765625,-1237.7552
0.4599609375,-1237.6031
0.46015625,-1237.2611
0.4603515625,-1237.6412
0.460546875,-1237.9452
0.4607421875,-1237.5652
0.4609375,-1237.5271
0.4611328125,-1237.4891
0.461328125,-1237.2231
0.4615234375,-1237.071
0.46171875,-1237.071
0.4619140625,-1236.9191
0.462109375,-1237.0331
0.4623046875,-1237.2611
0.4625,-1237.0331
0.4626953125,-1236.843
0.462890625,-1237.2231
0.4630859375,-1237.8693
0.46328125,-1237.6412
0.4634765625,-1237.4891
0.463671875,-1237.6031
0.4638671875,-1237.8693
0.4640625,-1237.6412
0.4642578125,-1237.3372
0.464453125,-1237.6792
0.4646484375,-1237.4512
0.46484375,-1236.957
0.4650390625,-1236.577
0.465234375,-1236.4249
0.4654296875,-1236.3109
0.465625,-1236.3109
0.4658203125,-1236.2349
0.466015625,-1235.7788
0.4662109375,-1235.9308
0.46640625,-1236.539
0.4666015625,-1236.653
0.466796875,-1236.4629
0.4669921875,-1236.653
0.4671875,-1236.9191
0.4673828125,-1236.691
0.467578125,-1236.0449
0.4677734375,-1235.8928
0.46796875,-1236.0449
0.4681640625,-1235.7408
0.468359375,-1235.3987
0.4685546875,-1235.7788
0.46875,-1236.1208
0.4689453125,-1235.8168
0.469140625,-1235.6268
0.4693359375,-1235.6268
0.46953125,-1235.3987
0.4697265625,-1235.5887
0.469921875,-1235.8168
0.4701171875,-1235.5128
0.4703125,-1235.5508
0.4705078125,-1235.8168
0.470703125,-1235.9689
0.4708984375,-1235.7028
0.47109375,-1235.4747
0.4712890625,-1235.7788
0.471484375,-1235.6268
0.4716796875,-1235.1327
0.471875,-1235.1707
0.4720703125,-1235.7028
0.472265625,-1235.5508
0.4724609375,-1234.8666
0.47265625,-1234.8286
0.4728515625,-1235.0187
0.473046875,-1235.0187
0.4732421875,-1234.8666
0.4734375,-1234.9426
0.4736328125,-1235.0187
0.473828125,-1234.8666
0.4740234375,-1234.7526
0.47421875,-1234.6006
0.4744140625,-1234.3345
0.474609375,-1234.0685
0.4748046875,-1233.9545
0.475,-1233.4984
0.4751953125,-1233.0422
0.475390625,-1233.3463
0.4755859375,-1233.7644
0.47578125,-1233.1943
0.4759765625,-1232.7382
0.476171875,-1233.0422
0.4763671875,-1233.2703
0.4765625,-1233.3463
0.4767578125,-1233.3083
0.476953125,-1233.5364
0.4771484375,-1233.6504
0.47734375,-1233.3463
0.4775390625,-1233.1562
0.477734375,-1233.4224
0.4779296875,-1233.6504
0.478125,-1233.4984
0.4783203125,-1233.4224
0.478515625,-1233.1943
0.4787109375,-1232.8903
0.47890625,-1232.8522
0.4791015625,-1232.8522
0.479296875,-1232.4722
0.4794921875,-1232.3201
0.4796875,-1232.5862
0.4798828125,-1232.8522
0.480078125,-1232.8142
0.4802734375,-1232.7002
0.48046875,-1233.1183
0.4806640625,-1233.4603
0.480859375,-1233.2323
0.4810546875,-1232.9663
0.48125,-1233.4984
0.4814453125,-1233.5364
0.481640625,-1233.0803
0.4818359375,-1233.0803
0.48203125,-1233.0043
0.4822265625,-1233.0803
0.482421875,-1233.0803
0.4826171875,-1233.1183
0.4828125,-1233.1562
0.4830078125,-1233.1183
0.483203125,-1233.2703
0.4833984375,-1233.4603
0.48359375,-1233.2323
0.4837890625,-1233.1183
0.483984375,-1233.3843
0.4841796875,-1233.4224
0.484375,-1233.2703
0.4845703125,-1233.4224
0.484765625,-1234.2205
0.4849609375,-1234.5626
0.48515625,-1234.3345
0.4853515625,-1234.2205
0.485546875,-1234.4485
0.4857421875,-1234.5626
0.4859375,-1234.2585
0.4861328125,-1234.1825
0.486328125,-1234.4105
0.4865234375,-1234.2205
0.48671875,-1233.8784
0.4869140625,-1233.9545
0.487109375,-1233.9924
0.4873046875,-1234.1064
0.4875,-1234.2965
0.4876953125,-1234.4866
0.487890625,-1234.6385
0.4880859375,-1234.7146
0.48828125,-1234.8666
0.4884765625,-1234.9806
0.488671875,-1234.5626
0.4888671875,-1234.1064
0.4890625,-1234.2585
0.4892578125,-1234.5245
0.489453125,-1234.1445
0.4896484375,-1233.5364
0.48984375,-1233.3463
0.4900390625,-1233.4224
0.490234375,-1233.3083
0.4904296875,-1232.8903
0.490625,-1233.1562
0.4908203125,-1233.6124
0.491015625,-1233.4224
0.4912109375,-1233.2703
0.49140625,-1233.1943
0.4916015625,-1233.0803
0.491796875,-1233.3083
0.4919921875,-1233.4603
0.4921875,-1233.5364
0.4923828125,-1233.2703
0.492578125,-1233.1943
0.4927734375,-1233.4603
0.49296875,-1233.4224
0.4931640625,-1233.0803
0.493359375,-1233.1183
0.4935546875,-1233.3463
0.49375,-1232.9282
0.4939453125,-1232.6241
0.494140625,-1232.9282
0.4943359375,-1233.1943
0.49453125,-1232.8903
0.4947265625,-1232.7762
0.494921875,-1233.1183
0.4951171875,-1233.4984
0.4953125,-1233.4603
0.4955078125,-1233.2323
0.495703125,-1233.1943
0.4958984375,-1232.9282
0.49609375,-1232.9282
0.4962890625,-1233.1943
0.496484375,-1233.3083
0.4966796875,-1233.2703
0.496875,-1233.6124
0.4970703125,-1233.8024
0.497265625,-1233.6124
0.4974609375,-1233.5743
0.49765625,-1233.9545
0.4978515625,-1234.2585
0.498046875,-1233.7644
0.4982421875,-1233.5364
0.4984375,-1233.9164
0.4986328125,-1233.9545
0.498828125,-1233.5743
0.4990234375,-1233.4603
0.49921875,-1233.4984
0.4994140625,-1233.4224
0.499609375,-1233.2323
0.4998046875,-1233.1943
0.5,-1233.2323
0.5001953125,-1233.1562
0.500390625,-1232.9663
0.5005859375,-1233.0043
0.50078125,-1233.0422
0.5009765625,-1233.0043
0.501171875,-1233.3463
0.5013671875,-1233.5364
0.5015625,-1233.2323
0.5017578125,-1233.0803
0.501953125,-1233.1943
0.5021484375,-1232.9282
0.50234375,-1232.3582
0.5025390625,-1232.1301
0.502734375,-1232.3582
0.5029296875,-1232.2441
0.503125,-1231.712
0.5033203125,-1232.0161
0.503515625,-1232.5862
0.5037109375,-1232.1681
0.50390625,-1231.674
0.5041015625,-1231.712
0.504296875,-1231.75
0.5044921875,-1231.636
0.5046875,-1231.522
0.5048828125,-1231.75
0.505078125,-1232.1301
0.5052734375,-1232.3582
0.50546875,-1232.5862
0.5056640625,-1232.8522
0.505859375,-1232.9282
0.5060546875,-1232.9663
0.50625,-1233.0422
0.5064453125,-1232.6622
0.506640625,-1232.4342
0.5068359375,-1232.9282
0.50703125,-1233.0422
0.5072265625,-1232.6241
0.507421875,-1232.4722
0.5076171875,-1232.8142
0.5078125,-1233.1183
0.5080078125,-1232.9663
0.508203125,-1232.9663
0.5083984375,-1233.5364
0.50859375,-1233.6884
0.5087890625,-1233.1943
0.508984375,-1233.3463
0.5091796875,-1233.4984
0.509375,-1233.3083
0.5095703125,-1233.4224
0.509765625,-1233.4603
0.5099609375,-1233.4224
0.51015625,-1233.4603
0.5103515625,-1233.5743
0.510546875,-1233.4603
0.5107421875,-1233.3083
0.5109375,-1233.2703
0.5111328125,-1233.3083
0.511328125,-1232.9663
0.5115234375,-1232.7002
0.51171875,-1233.2703
0.5119140625,-1233.5364
0.512109375,-1233.0803
0.5123046875,-1232.7382
0.5125,-1233.0422
0.5126953125,-1233.0422
0.512890625,-1232.7762
0.5130859375,-1232.8522
0.51328125,-1232.9663
0.5134765625,-1232.9282
0.513671875,-1232.5862
0.5138671875,-1232.3961
0.5140625,-1232.3961
0.5142578125,-1232.2821
0.514453125,-1232.3961
0.5146484375,-1232.3961
0.51484375,-1232.3201
0.5150390625,-1232.4342
0.515234375,-1232.9663
0.5154296875,-1233.1562
0.515625,-1232.8142
0.5158203125,-1233.3083
0.516015625,-1233.4603
0.5162109375,-1232.8903
0.51640625,-1232.4722
0.5166015625,-1232.5862
0.516796875,-1232.7762
0.5169921875,-1232.2441
0.5171875,-1232.0161
0.5173828125,-1232.2821
0.517578125,-1232.7002
0.5177734375,-1232.7002
0.51796875,-1232.7382
0.5181640625,-1233.0803
0.518359375,-1233.0043
0.5185546875,-1232.9282
0.51875,-1232.9282
0.5189453125,-1232.8522
0.519140625,-1233.0043
0.5193359375,-1233.4224
0.51953125,-1233.5364
0.5197265625,-1233.2323
0.519921875,-1233.3083
0.5201171875,-1233.4603
0.5203125,-1232.9663
0.5205078125,-1232.5862
0.520703125,-1232.9663
0.5208984375,-1233.0422
0.52109375,-1232.7382
0.5212890625,-1232.5862
0.521484375,-1232.9663
0.5216796875,-1233.0803
0.521875,-1232.7382
0.5220703125,-1232.9663
0.522265625,-1233.3843
0.5224609375,-1233.2323
0.52265625,-1232.8142
0.5228515625,-1232.8142
0.523046875,-1232.5862
0.5232421875,-1232.206
0.5234375,-1232.0161
0.5236328125,-1231.788
0.523828125,-1231.674
0.5240234375,-1231.788
0.52421875,-1231.9401
0.5244140625,-1231.75
0.524609375,-1231.674
0.5248046875,-1231.9401
0.525,-1232.206
0.5251953125,-1231.978
0.525390625,-1231.9401
0.5255859375,-1232.5101
0.52578125,-1232.5862
0.5259765625,-1232.206
0.526171875,-1232.3582
0.5263671875,-1232.7762
0.5265625,-1232.6241
0.5267578125,-1232.0541
0.526953125,-1232.1301
0.5271484375,-1232.1301
0.52734375,-1231.864
0.5275390625,-1231.902
0.527734375,-1231.9401
0.5279296875,-1232.206
0.528125,-1232.2441
0.5283203125,-1232.2821
0.528515625,-1232.4342
0.5287109375,-1232.5482
0.52890625,-1232.8522
0.5291015625,-1232.9282
0.529296875,-1232.5862
0.5294921875,-1232.5101
0.5296875,-1233.0043
0.5298828125,-1233.0043
0.530078125,-1232.8142
0.5302734375,-1233.3083
0.53046875,-1233.6884
0.5306640625,-1233.3463
0.530859375,-1233.1183
0.5310546875,-1233.4984
0.53125,-1233.6124
0.5314453125,-1233.3083
0.531640625,-1233.1562
0.5318359375,-1233.4603
0.53203125,-1233.6504
0.5322265625,-1233.4984
0.532421875,-1233.4603
0.5326171875,-1233.4224
0.5328125,-1233.2703
0.5330078125,-1233.0043
0.533203125,-1232.9282
0.5333984375,-1232.7382
0.53359375,-1232.7382
0.5337890625,-1233.1943
0.533984375,-1233.3083
0.5341796875,-1233.0803
0.534375,-1233.1943
0.5345703125,-1233.6124
0.534765625,-1233.4984
0.5349609375,-1233.1183
0.53515625,-1233.1943
0.5353515625,-1233.5743
0.535546875,-1233.4984
0.5357421875,-1233.0803
0.5359375,-1233.1562
0.5361328125,-1233.3083
0.536328125,-1233.0043
0.5365234375,-1232.7002
0.53671875,-1232.9282
0.5369140625,-1232.7382
0.537109375,-1232.3582
0.5373046875,-1232.3201
0.5375,-1232.2821
0.5376953125,-1232.3201
0.537890625,-1232.4722
0.5380859375,-1232.5482
0.53828125,-1232.3961
0.5384765625,-1232.4722
0.538671875,-1232.8903
0.5388671875,-1232.7762
0.5390625,-1232.5101
0.5392578125,-1232.7382
0.539453125,-1233.0422
0.5396484375,-1232.9282
0.53984375,-1232.5862
0.5400390625,-1232.8903
0.540234375,-1233.2323
0.5404296875,-1232.7762
0.540625,-1232.5862
0.5408203125,-1232.8903
0.541015625,-1232.8522
0.5412109375,-1232.4722
0.54140625,-1232.3582
0.5416015625,-1232.6241
0.541796875,-1232.5862
0.5419921875,-1232.5101
0.5421875,-1232.6241
0.5423828125,-1232.7002
0.542578125,-1232.8522
0.5427734375,-1232.9282
0.54296875,-1233.1562
0.5431640625,-1233.0803
0.543359375,-1233.1943
0.5435546875,-1233.3083
0.54375,-1232.8522
0.5439453125,-1232.4722
0.544140625,-1232.6622
0.5443359375,-1232.8142
0.54453125,-1232.4342
0.5447265625,-1232.5482
0.544921875,-1233.1183
0.5451171875,-1233.2703
0.5453125,-1233.1562
0.5455078125,-1233.6124
0.545703125,-1234.3726
0.5458984375,-1234.4485
0.54609375,-1233.9924
0.5462890625,-1233.9924
0.546484375,-1234.2205
0.5466796875,-1233.9924
0.546875,-1233.6504
0.5470703125,-1233.6504
0.547265625,-1233.7264
0.5474609375,-1233.4984
0.54765625,-1233.4224
0.5478515625,-1233.4224
0.548046875,-1233.5743
0.5482421875,-1233.7644
0.5484375,-1233.6504
0.5486328125,-1233.7644
0.548828125,-1233.6884
0.5490234375,-1233.7644
0.54921875,-1233.9164
0.5494140625,-1233.6504
0.549609375,-1233.4603
0.5498046875,-1233.6504
0.55,-1233.4984
0.5501953125,-1232.9663
0.550390625,-1233.1943
0.5505859375,-1233.6504
0.55078125,-1233.6884
0.5509765625,-1233.4984
0.551171875,-1233.5364
0.5513671875,-1233.9924
0.5515625,-1233.8784
0.5517578125,-1233.5364
0.551953125,-1233.8024
0.5521484375,-1234.2205
0.55234375,-1234.1825
0.5525390625,-1234.0685
0.552734375,-1234.3726
0.5529296875,-1234.6385
0.553125,-1234.7906
0.5533203125,-1235.0566
0.553515625,-1235.1327
0.5537109375,-1235.0566
0.55390625,-1235.1707
0.5541015625,-1235.2847
0.554296875,-1235.0187
0.5544921875,-1234.7146
0.5546875,-1234.7906
0.5548828125,-1234.8286
0.555078125,-1234.2585
0.5552734375,-1233.9164
0.55546875,-1234.4105
0.5556640625,-1234.7146
0.555859375,-1234.1445
0.5560546875,-1233.9924
0.55625,-1234.6385
0.5564453125,-1234.7526
0.556640625,-1234.6006
0.5568359375,-1234.7526
0.55703125,-1235.2467
0.5572265625,-1235.3987
0.557421875,-1234.9806
0.5576171875,-1235.0187
0.5578125,-1235.0566
0.5580078125,-1235.0947
0.558203125,-1235.1327
0.5583984375,-1235.1327
0.55859375,-1235.1327
0.5587890625,-1235.0187
0.558984375,-1234.9806
0.5591796875,-1234.8286
0.559375,-1234.7146
0.5595703125,-1234.8286
0.559765625,-1235.2087
0.5599609375,-1235.2467
0.56015625,-1234.8666
0.5603515625,-1234.8666
0.560546875,-1235.5887
0.5607421875,-1235.7408
0.5609375,-1235.3987
0.5611328125,-1235.5508
0.561328125,-1235.7408
0.5615234375,-1235.4368
0.56171875,-1234.9047
0.5619140625,-1235.0566
0.562109375,-1235.1327
0.5623046875,-1234.9047
0.5625,-1234.7526
0.5626953125,-1234.8286
0.562890625,-1235.0187
0.5630859375,-1234.8666
0.56328125,-1235.0187
0.5634765625,-1235.0947
0.563671875,-1234.9047
0.5638671875,-1235.0566
0.5640625,-1235.2087
0.5642578125,-1235.0187
0.564453125,-1234.8286
0.5646484375,-1235.1707
0.56484375,-1235.3987
0.5650390625,-1235.1707
0.565234375,-1235.2847
0.5654296875,-1235.8549
0.565625,-1235.9308
0.5658203125,-1235.3987
0.566015625,-1235.2087
0.5662109375,-1235.4747
0.56640625,-1235.2467
0.5666015625,-1234.8286
0.566796875,-1235.2087
0.5669921875,-1235.6268
0.5671875,-1235.5887
0.5673828125,-1235.6648
0.567578125,-1235.7028
0.5677734375,-1235.7408
0.56796875,-1235.8549
0.5681640625,-1235.7788
0.568359375,-1235.7408
0.5685546875,-1235.6268
0.56875,-1235.7028
0.5689453125,-1235.7788
0.569140625,-1235.4747
0.5693359375,-1235.4368
0.56953125,-1235.8549
0.5697265625,-1235.8168
0.569921875,-1235.2847
0.5701171875,-1235.3607
0.5703125,-1235.7788
0.5705078125,-1235.4747
0.570703125,-1234.9806
0.5708984375,-1235.0947
0.57109375,-1235.1707
0.5712890625,-1234.7526
0.571484375,-1234.5245
0.5716796875,-1234.5626
0.571875,-1234.6006
0.5720703125,-1234.4105
0.572265625,-1234.3726
0.5724609375,-1234.5245
0.57265625,-1234.4485
0.5728515625,-1234.4866
0.573046875,-1234.6385
0.5732421875,-1234.4105
0.5734375,-1234.2585
0.5736328125,-1234.6385
0.573828125,-1234.6385
0.5740234375,-1234.2205
0.57421875,-1234.3726
0.5744140625,-1234.9047
0.574609375,-1235.0187
0.5748046875,-1234.8666
0.575,-1235.2847
0.5751953125,-1235.9689
0.575390625,-1236.0449
0.5755859375,-1235.8168
0.57578125,-1236.2349
0.5759765625,-1236.615
0.576171875,-1236.3109
0.5763671875,-1236.2349
0.5765625,-1236.3109
0.5767578125,-1236.2349
0.576953125,-1236.3489
0.5771484375,-1236.4249
0.57734375,-1236.4249
0.5775390625,-1236.3489
0.577734375,-1236.387
0.5779296875,-1236.539
0.578125,-1236.273
0.5783203125,-1235.8928
0.578515625,-1236.0068
0.5787109375,-1235.9308
0.57890625,-1235.1327
0.5791015625,-1234.7906
0.579296875,-1235.1707
0.5794921875,-1235.1327
0.5796875,-1234.7526
0.5798828125,-1234.9047
0.580078125,-1235.5128
0.5802734375,-1235.7028
0.58046875,-1235.5508
0.5806640625,-1235.7028
0.580859375,-1236.0829
0.5810546875,-1236.1589
0.58125,-1235.8549
0.5814453125,-1236.0068
0.581640625,-1236.3109
0.5818359375,-1236.0829
0.58203125,-1235.6648
0.5822265625,-1235.4368
0.582421875,-1235.0947
0.5826171875,-1234.7526
0.5828125,-1234.6385
0.5830078125,-1234.4485
0.583203125,-1234.3726
0.5833984375,-1234.6006
0.58359375,-1234.9047
0.5837890625,-1234.9047
0.583984375,-1234.9047
0.5841796875,-1235.2087
0.584375,-1235.1327
0.5845703125,-1234.6385
0.584765625,-1234.4866
0.5849609375,-1234.9047
0.58515625,-1234.8286
0.5853515625,-1234.2585
0.585546875,-1234.4105
0.5857421875,-1234.7906
0.5859375,-1234.6385
0.5861328125,-1234.2585
0.586328125,-1234.4866
0.5865234375,-1234.7906
0.58671875,-1234.7906
0.5869140625,-1234.7526
0.587109375,-1234.9806
0.5873046875,-1235.3607
0.5875,-1235.0566
0.5876953125,-1234.7526
0.587890625,-1235.0947
0.5880859375,-1235.4747
0.58828125,-1235.3228
0.5884765625,-1235.3987
0.588671875,-1235.8928
0.5888671875,-1236.4249
0.5890625,-1236.539
0.5892578125,-1236.539
0.589453125,-1236.729
0.5896484375,-1236.881
0.58984375,-1236.805
0.5900390625,-1236.805
0.590234375,-1237.2991
0.5904296875,-1237.6031
0.590625,-1237.7932
0.5908203125,-1237.9833
0.591015625,-1238.0212
0.5912109375,-1237.9072
0.59140625,-1237.7172
0.5916015625,-1237.4512
0.591796875,-1237.2231
0.5919921875,-1237.2991
0.5921875,-1237.2231
0.5923828125,-1237.3751
0.592578125,-1237.4891
0.5927734375,-1237.3372
0.59296875,-1237.3751
0.5931640625,-1237.4891
0.593359375,-1237.2611
0.5935546875,-1237.1091
0.59375,-1237.4512
0.5939453125,-1237.9452
0.594140625,-1238.1353
0.5943359375,-1238.0593
0.59453125,-1238.2493
0.5947265625,-1238.6294
0.594921875,-1238.4393
0.5951171875,-1238.1353
0.5953125,-1238.5154
0.5955078125,-1238.9335
0.595703125,-1238.5533
0.5958984375,-1238.3253
0.59609375,-1238.5914
0.5962890625,-1238.6674
0.596484375,-1238.2493
0.5966796875,-1237.8312
0.596875,-1238.0212
0.5970703125,-1238.1733
0.597265625,-1237.5652
0.5974609375,-1237.1091
0.59765625,-1237.2231
0.5978515625,-1237.1471
0.598046875,-1236.615
0.5982421875,-1236.3489
0.5984375,-1236.805
0.5986328125,-1236.805
0.598828125,-1236.387
0.5990234375,-1236.273
0.59921875,-1236.4629
0.5994140625,-1236.539
0.599609375,-1236.273
0.5998046875,-1236.2349
0.6,-1236.729
0.6001953125,-1236.9191
0.600390625,-1236.653
0.6005859375,-1236.843
0.60078125,-1237.2231
0.6009765625,-1237.2991
0.601171875,-1237.5652
0.6013671875,-1237.8312
0.6015625,-1237.7932
0.6017578125,-1237.9833
0.601953125,-1238.0973
0.6021484375,-1237.9452
0.60234375,-1237.6412
0.6025390625,-1237.6031
0.602734375,-1237.8312
0.6029296875,-1237.5652
0.603125,-1237.2231
0.6033203125,-1237.4891
0.603515625,-1237.8312
0.6037109375,-1237.5652
0.60390625,-1237.071
0.6041015625,-1237.4891
0.604296875,-1237.9452
0.6044921875,-1237.7552
0.6046875,-1237.7172
0.6048828125,-1237.9833
0.605078125,-1238.2493
0.6052734375,-1237.9072
0.60546875,-1237.7172
0.6056640625,-1238.0593
0.605859375,-1238.2113
0.6060546875,-1237.9452
0.60625,-1237.8312
0.6064453125,-1237.9452
0.606640625,-1237.8312
0.6068359375,-1237.7552
0.60703125,-1237.6792
0.6072265625,-1237.4131
0.607421875,-1237.2231
0.6076171875,-1237.1091
0.6078125,-1236.843
0.6080078125,-1236.539
0.608203125,-1236.501
0.6083984375,-1236.729
0.60859375,-1236.805
0.6087890625,-1236.577
0.608984375,-1236.843
0.6091796875,-1237.5271
0.609375,-1237.6031
0.6095703125,-1237.2991
0.609765625,-1237.6792
0.6099609375,-1238.0593
0.61015625,-1237.8312
0.6103515625,-1237.7552
0.610546875,-1238.0593
0.6107421875,-1238.2113
0.6109375,-1237.7172
0.6111328125,-1237.4512
0.611328125,-1237.6412
0.6115234375,-1237.9833
0.61171875,-1238.1353
0.6119140625,-1238.1733
0.612109375,-1238.4014
0.6123046875,-1238.2113
0.6125,-1238.2874
0.6126953125,-1238.3633
0.612890625,-1238.0593
0.6130859375,-1237.9833
0.61328125,-1238.2113
0.6134765625,-1238.2113
0.613671875,-1237.7552
0.6138671875,-1237.7932
0.6140625,-1238.2113
0.6142578125,-1238.2113
0.614453125,-1237.6792
0.6146484375,-1237.4891
0.61484375,-1237.7552
0.6150390625,-1237.5271
0.615234375,-1237.1471
0.6154296875,-1237.4891
0.615625,-1237.8312
0.6158203125,-1237.6792
0.616015625,-1237.7172
0.6162109375,-1237.8312
0.61640625,-1237.8693
0.6166015625,-1237.9452
0.616796875,-1238.1353
0.6169921875,-1237.9833
0.6171875,-1237.8312
0.6173828125,-1238.0593
0.617578125,-1238.0593
0.6177734375,-1237.9833
0.61796875,-1238.1733
0.6181640625,-1238.6674
0.618359375,-1238.5533
0.6185546875,-1238.0593
0.61875,-1238.3633
0.6189453125,-1238.7814
0.619140625,-1238.2493
0.6193359375,-1237.8312
0.61953125,-1237.8693
0.6197265625,-1237.7932
0.619921875,-1237.5271
0.6201171875,-1237.4512
0.6203125,-1237.6412
0.6205078125,-1237.5271
0.620703125,-1237.4131
0.6208984375,-1237.4512
0.62109375,-1237.4512
0.6212890625,-1237.6792
0.621484375,-1238.0973
0.6216796875,-1238.2113
0.621875,-1238.1733
0.6220703125,-1238.4014
0.622265625,-1238.6674
0.6224609375,-1238.3633
0.62265625,-1238.0973
0.6228515625,-1238.5154
0.623046875,-1238.4393
0.6232421875,-1237.7172
0.6234375,-1237.5271
0.6236328125,-1237.8312
0.623828125,-1237.7552
0.6240234375,-1237.2991
0.62421875,-1237.4131
0.6244140625,-1237.4891
0.624609375,-1237.5652
0.6248046875,-1237.7552
0.625,-1238.0973
0.6251953125,-1238.5533
0.625390625,-1238.5914
0.6255859375,-1238.7434
0.62578125,-1238.8195
0.6259765625,-1238.6674
0.626171875,-1238.8954
0.6263671875,-1239.1615
0.6265625,-1238.6674
0.6267578125,-1238.1733
0.626953125,-1238.1353
0.6271484375,-1237.9072
0.62734375,-1237.2991
0.6275390625,-1237.0331
0.627734375,-1237.4891
0.6279296875,-1237.7932
0.628125,-1237.4891
0.6283203125,-1237.3372
0.628515625,-1237.8312
0.6287109375,-1237.8312
0.62890625,-1237.7932
0.6291015625,-1238.0212
0.629296875,-1237.9072
0.6294921875,-1237.7932
0.6296875,-1238.0212
0.6298828125,-1238.2113
0.630078125,-1238.0212
0.6302734375,-1238.1353
0.63046875,-1238.1353
0.6306640625,-1237.8693
0.630859375,-1237.3372
0.6310546875,-1237.3372
0.63125,-1237.7552
0.6314453125,-1237.4512
0.631640625,-1237.2231
0.6318359375,-1237.7552
0.63203125,-1237.9833
0.6322265625,-1237.8693
0.632421875,-1238.1353
0.6326171875,-1238.4014
0.6328125,-1238.5533
0.6330078125,-1238.6674
0.633203125,-1238.6294
0.6333984375,-1238.4773
0.63359375,-1238.5533
0.6337890625,-1238.8195
0.633984375,-1238.8574
0.6341796875,-1238.7434
0.634375,-1238.9335
0.6345703125,-1239.3516
0.634765625,-1239.1995
0.6349609375,-1238.8195
0.63515625,-1239.1235
0.6353515625,-1239.4275
0.635546875,-1239.1995
0.6357421875,-1238.9335
0.6359375,-1239.2375
0.6361328125,-1239.3895
0.636328125,-1239.1995
0.6365234375,-1239.2375
0.63671875,-1239.2375
0.6369140625,-1239.1995
0.637109375,-1239.3516
0.6373046875,-1239.1995
0.6375,-1238.8954
0.6376953125,-1238.7434
0.637890625,-1238.7054
0.6380859375,-1238.5914
0.63828125,-1238.1353
0.6384765625,-1238.2874
0.638671875,-1238.7434
0.6388671875,-1238.5154
0.6390625,-1238.4393
0.6392578125,-1239.0094
0.639453125,-1239.4656
0.6396484375,-1239.3135
0.63984375,-1239.4275
0.6400390625,-1239.6556
0.640234375,-1239.6936
0.6404296875,-1239.6176
0.640625,-1239.5035
0.6408203125,-1239.4656
0.641015625,-1239.3895
0.6412109375,-1239.5415
0.64140625,-1239.6556
0.6416015625,-1239.3895
0.641796875,-1239.2375
0.6419921875,-1239.6936
0.6421875,-1239.6176
0.6423828125,-1239.0475
0.642578125,-1239.1995
0.6427734375,-1239.4656
0.64296875,-1239.1235
0.6431640625,-1238.5154
0.643359375,-1238.3253
0.6435546875,-1238.3253
0.64375,-1238.1733
0.6439453125,-1238.0212
0.644140625,-1237.8693
0.6443359375,-1237.5652
0.64453125,-1237.3751
0.6447265625,-1237.2231
0.644921875,-1237.1091
0.6451171875,-1236.843
0.6453125,-1237.185
0.6455078125,-1237.4512
0.645703125,-1236.995
0.6458984375,-1237.071
0.64609375,-1237.5271
0.6462890625,-1237.5652
0.646484375,-1237.071
0.6466796875,-1237.1471
0.646875,-1237.4512
0.6470703125,-1237.4512
0.647265625,-1237.5271
0.6474609375,-1237.8693
0.64765625,-1238.0593
0.6478515625,-1238.0212
0.648046875,-1237.9833
0.6482421875,-1237.7172
0.6484375,-1237.5652
0.6486328125,-1237.7172
0.648828125,-1238.0593
0.6490234375,-1237.8312
0.64921875,-1237.4512
0.6494140625,-1237.7932
0.649609375,-1238.0973
0.6498046875,-1237.6792
0.65,-1237.5271
0.6501953125,-1237.9072
0.650390625,-1238.0593
0.6505859375,-1237.9833
0.65078125,-1238.1353
0.6509765625,-1238.4014
0.651171875,-1238.5914
0.6513671875,-1238.5154
0.6515625,-1238.4393
0.6517578125,-1238.2874
0.651953125,-1238.1353
0.6521484375,-1238.5533
0.65234375,-1238.6294
0.6525390625,-1238.2113
0.652734375,-1238.1353
0.6529296875,-1238.5533
0.653125,-1238.4014
0.6533203125,-1238.1353
0.653515625,-1238.3633
0.6537109375,-1238.7054
0.65390625,-1238.6674
0.6541015625,-1238.7054
0.654296875,-1239.1235
0.6544921875,-1239.3516
0.6546875,-1239.4656
0.6548828125,-1239.3895
0.655078125,-1239.1995
0.6552734375,-1238.7434
0.65546875,-1238.7054
0.6556640625,-1239.0854
0.655859375,-1238.7434
0.6560546875,-1238.5533
0.65625,-1239.1235
0.6564453125,-1239.3516
0.656640625,-1238.8195
0.6568359375,-1238.6294
0.65703125,-1238.7814
0.6572265625,-1238.7814
0.657421875,-1238.8195
0.6576171875,-1238.9714
0.6578125,-1239.1235
0.6580078125,-1239.1615
0.658203125,-1239.2755
0.6583984375,-1239.3895
0.65859375,-1238.9714
0.6587890625,-1238.7054
0.658984375,-1239.0475
0.6591796875,-1238.8574
0.659375,-1238.2493
0.6595703125,-1238.2113
0.659765625,-1238.6294
0.6599609375,-1238.5533
0.66015625,-1238.4014
0.6603515625,-1238.7814
0.660546875,-1239.0475
0.6607421875,-1239.0854
0.6609375,-1239.3135
0.6611328125,-1239.3895
0.661328125,-1239.0094
0.6615234375,-1238.9335
0.66171875,-1238.8954
0.6619140625,-1238.5533
0.662109375,-1238.2874
0.6623046875,-1238.4393
0.6625,-1238.7814
0.6626953125,-1238.5914
0.662890625,-1238.3633
0.6630859375,-1238.7054
0.66328125,-1238.8574
0.6634765625,-1238.5533
0.663671875,-1238.4773
0.6638671875,-1238.8195
0.6640625,-1238.8954
0.6642578125,-1238.9335
0.664453125,-1239.2375
0.6646484375,-1238.8954
0.66484375,-1238.5154
0.6650390625,-1238.8195
0.665234375,-1238.8574
0.6654296875,-1238.5154
0.665625,-1238.3633
0.6658203125,-1238.5154
0.666015625,-1238.5533
0.6662109375,-1238.4014
0.66640625,-1238.5533
0.6666015625,-1238.8195
0.666796875,-1238.7434
0.6669921875,-1238.9714
0.6671875,-1239.1615
0.6673828125,-1239.0094
0.667578125,-1238.8195
0.6677734375,-1239.2755
0.66796875,-1239.5415
0.6681640625,-1239.0475
0.668359375,-1238.9714
0.6685546875,-1239.2755
0.66875,-1239.3516
0.6689453125,-1239.2375
0.669140625,-1239.1235
0.6693359375,-1239.0854
0.66953125,-1238.8195
0.6697265625,-1238.7814
0.669921875,-1239.0094
0.6701171875,-1239.0475
0.6703125,-1238.8954
0.6705078125,-1239.2755
0.670703125,-1239.5415
0.6708984375,-1239.1615
0.67109375,-1238.9335
0.6712890625,-1238.9714
0.671484375,-1238.8954
0.6716796875,-1238.5154
0.671875,-1238.2874
0.6720703125,-1238.3633
0.672265625,-1238.2874
0.6724609375,-1238.4773
0.67265625,-1238.6674
0.6728515625,-1238.5533
0.673046875,-1238.2113
0.6732421875,-1238.4773
0.6734375,-1238.9714
0.6736328125,-1238.7814
0.673828125,-1238.6294
0.6740234375,-1238.9335
0.67421875,-1239.0854
0.6744140625,-1238.7434
0.674609375,-1238.5533
0.6748046875,-1238.5154
0.675,-1238.3633
0.6751953125,-1238.2874
0.675390625,-1238.3253
0.6755859375,-1237.9833
0.67578125,-1237.7932
0.6759765625,-1238.0973
0.676171875,-1238.5154
0.6763671875,-1238.2874
0.6765625,-1238.2874
0.6767578125,-1239.0475
0.676953125,-1239.4656
0.6771484375,-1239.4275
0.67734375,-1239.3135
0.6775390625,-1239.2755
0.677734375,-1239.0094
0.6779296875,-1238.8954
0.678125,-1238.8195
0.6783203125,-1238.4393
0.678515625,-1238.4393
0.6787109375,-1238.7814
0.67890625,-1238.8954
0.6791015625,-1238.5154
0.679296875,-1238.5154
0.6794921875,-1238.9714
0.6796875,-1238.9714
0.6798828125,-1238.8195
0.680078125,-1239.0094
0.6802734375,-1239.0854
0.68046875,-1239.0094
0.6806640625,-1239.1615
0.680859375,-1239.0475
0.6810546875,-1238.6294
0.68125,-1238.7814
0.6814453125,-1239.2375
0.681640625,-1238.9335
0.6818359375,-1238.5914
0.68203125,-1238.7814
0.6822265625,-1239.0094
0.682421875,-1238.7814
0.6826171875,-1238.8954
0.6828125,-1239.1615
0.6830078125,-1239.1995
0.683203125,-1239.2375
0.6833984375,-1239.1615
0.68359375,-1238.8574
0.6837890625,-1238.7434
0.683984375,-1239.1235
0.6841796875,-1239.2755
0.684375,-1238.8195
0.6845703125,-1238.7434
0.684765625,-1239.0854
0.6849609375,-1239.0094
0.68515625,-1238.8954
0.6853515625,-1239.0094
0.685546875,-1239.0094
0.6857421875,-1239.0094
0.6859375,-1239.1615
0.6861328125,-1238.8954
0.686328125,-1238.5154
0.6865234375,-1238.7054
0.68671875,-1238.8574
0.6869140625,-1238.7434
0.687109375,-1238.6294
0.6873046875,-1239.0094
0.6875,-1239.1235
0.6876953125,-1238.8574
0.687890625,-1238.7054
0.6880859375,-1238.6674
0.68828125,-1238.6674
0.6884765625,-1238.6674
0.688671875,-1238.8574
0.6888671875,-1238.5533
0.6890625,-1238.5154
0.6892578125,-1239.1235
0.689453125,-1239.3516
0.6896484375,-1239.1995
0.68984375,-1239.1615
0.6900390625,-1239.3135
0.690234375,-1239.3516
0.6904296875,-1239.0854
0.690625,-1239.0854
0.6908203125,-1238.9335
0.691015625,-1238.7814
0.6912109375,-1238.9714
0.69140625,-1238.9335
0.6916015625,-1238.7814
0.691796875,-1239.0475
0.6919921875,-1239.6556
0.6921875,-1239.6176
0.6923828125,-1239.0475
0.692578125,-1239.0094
0.6927734375,-1238.9335
0.69296875,-1238.5533
0.6931640625,-1238.5154
0.693359375,-1238.4393
0.6935546875,-1238.4014
0.69375,-1239.0094
0.6939453125,-1239.5035
0.694140625,-1239.4275
0.6943359375,-1239.5415
0.69453125,-1239.8076
0.6947265625,-1239.7316
0.694921875,-1239.1995
0.6951171875,-1239.0854
0.6953125,-1239.2755
0.6955078125,-1239.0475
0.695703125,-1238.8574
0.6958984375,-1238.6294
0.69609375,-1238.2874
0.6962890625,-1238.1733
0.696484375,-1238.5533
0.6966796875,-1238.7434
0.696875,-1238.5154
0.6970703125,-1238.7814
0.697265625,-1239.2755
0.6974609375,-1239.1615
0.69765625,-1239.1235
0.6978515625,-1239.4275
0.698046875,-1239.4275
0.6982421875,-1239.4656
0.6984375,-1239.6936
0.6986328125,-1239.5796
0.698828125,-1239.3516
0.6990234375,-1239.5035
0.69921875,-1239.4275
0.6994140625,-1238.8954
0.699609375,-1238.6674
0.6998046875,-1239.1235
0.7,-1239.5035
0.7001953125,-1239.6556
0.700390625,-1239.9977
0.7005859375,-1240.2257
0.70078125,-1240.1497
0.7009765625,-1240.2257
0.701171875,-1240.1877
0.7013671875,-1239.6556
0.7015625,-1239.6176
0.7017578125,-1239.7316
0.701953125,-1239.2375
0.7021484375,-1238.8195
0.70234375,-1238.8574
0.7025390625,-1238.9335
0.702734375,-1238.7054
0.7029296875,-1238.7434
0.703125,-1238.8954
0.7033203125,-1239.0475
0.703515625,-1239.1995
0.7037109375,-1239.0475
0.70390625,-1238.5914
0.7041015625,-1238.4014
0.704296875,-1238.8954
0.7044921875,-1238.9714
0.7046875,-1238.7054
0.7048828125,-1238.7054
0.705078125,-1238.7054
0.7052734375,-1238.5154
0.70546875,-1238.4773
0.7056640625,-1238.6294
0.705859375,-1238.5533
0.7060546875,-1238.6294
0.70625,-1238.7814
0.7064453125,-1238.3633
0.706640625,-1238.0212
0.7068359375,-1238.4393
0.70703125,-1238.7814
0.7072265625,-1238.4773
0.707421875,-1238.5914
0.7076171875,-1238.9714
0.7078125,-1239.0854
0.7080078125,-1239.1995
0.708203125,-1239.0854
0.7083984375,-1238.7814
0.70859375,-1238.6294
0.7087890625,-1239.0475
0.708984375,-1239.1615
0.7091796875,-1238.8954
0.709375,-1239.3135
0.7095703125,-1239.7697
0.709765625,-1239.5796
0.7099609375,-1239.6176
0.71015625,-1239.7697
0.7103515625,-1239.5415
0.710546875,-1239.5415
0.7107421875,-1239.6176
0.7109375,-1239.2375
0.7111328125,-1238.8954
0.711328125,-1239.1995
0.7115234375,-1239.3135
0.71171875,-1238.7814
0.7119140625,-1238.7054
0.712109375,-1239.1235
0.7123046875,-1239.3895
0.7125,-1239.7697
0.7126953125,-1240.0356
0.712890625,-1239.8456
0.7130859375,-1239.8456
0.71328125,-1240.3777
0.7134765625,-1240.3018
0.713671875,-1239.8837
0.7138671875,-1239.9596
0.7140625,-1240.1497
0.7142578125,-1240.1497
0.714453125,-1240.0736
0.7146484375,-1240.2637
0.71484375,-1240.1497
0.7150390625,-1240.0736
0.715234375,-1240.1117
0.7154296875,-1239.8837
0.715625,-1239.7697
0.7158203125,-1240.0736
0.716015625,-1240.1877
0.7162109375,-1239.6176
0.71640625,-1239.2375
0.7166015625,-1239.4275
0.716796875,-1239.3516
0.7169921875,-1239.2375
0.7171875,-1239.2755
0.7173828125,-1238.8195
0.717578125,-1238.5914
0.7177734375,-1238.9335
0.71796875,-1239.0094
0.7181640625,-1238.4773
0.718359375,-1238.4393
0.7185546875,-1238.7814
0.71875,-1238.7434
0.7189453125,-1238.8195
0.719140625,-1239.0854
0.7193359375,-1239.3135
0.71953125,-1239.4275
0.7197265625,-1239.8076
0.719921875,-1239.6556
0.7201171875,-1239.2375
0.7203125,-1239.2375
0.7205078125,-1239.1615
0.720703125,-1238.5914
0.7208984375,-1238.0973
0.72109375,-1238.2113
0.7212890625,-1238.2493
0.721484375,-1238.0212
0.7216796875,-1238.0593
0.721875,-1238.2874
0.7220703125,-1238.4773
0.722265625,-1238.7434
0.7224609375,-1238.7054
0.72265625,-1238.3633
0.7228515625,-1238.2493
0.723046875,-1238.3633
0.7232421875,-1237.9833
0.7234375,-1237.6412
0.7236328125,-1238.0593
0.723828125,-1238.2113
0.7240234375,-1237.7552
0.72421875,-1237.6792
0.7244140625,-1238.0593
0.724609375,-1238.1353
0.7248046875,-1238.0973
0.725,-1238.3253
0.7251953125,-1238.6294
0.725390625,-1238.9335
0.7255859375,-1239.3516
0.72578125,-1239.5035
0.7259765625,-1239.2755
0.726171875,-1239.3895
0.7263671875,-1239.5796
0.7265625,-1239.3135
0.7267578125,-1239.1615
0.726953125,-1239.6176
0.7271484375,-1239.9977
0.72734375,-1239.7697
0.7275390625,-1239.7316
0.727734375,-1240.2637
0.7279296875,-1240.3018
0.728125,-1239.8456
0.7283203125,-1239.8837
0.728515625,-1239.8837
0.7287109375,-1239.7316
0.72890625,-1239.6556
0.7291015625,-1239.4275
0.729296875,-1239.2755
0.7294921875,-1239.1995
0.7296875,-1239.4275
0.7298828125,-1239.3135
0.730078125,-1239.2755
0.7302734375,-1239.8456
0.73046875,-1239.9216
0.7306640625,-1239.5035
0.730859375,-1239.2755
0.7310546875,-1239.4275
0.73125,-1239.1995
0.7314453125,-1238.5154
0.731640625,-1238.4393
0.7318359375,-1238.5914
0.73203125,-1238.4393
0.7322265625,-1238.4014
0.732421875,-1238.4773
0.7326171875,-1238.4773
0.7328125,-1238.2874
0.7330078125,-1238.2874
0.733203125,-1237.9833
0.7333984375,-1237.6792
0.73359375,-1237.8693
0.7337890625,-1237.7172
0.733984375,-1237.1091
0.7341796875,-1237.2231
0.734375,-1237.6792
0.7345703125,-1237.4891
0.734765625,-1237.3751
0.7349609375,-1237.6792
0.73515625,-1237.7932
0.7353515625,-1237.5271
0.735546875,-1237.5271
0.7357421875,-1237.4131
0.7359375,-1237.2991
0.7361328125,-1237.5652
0.736328125,-1237.7932
0.7365234375,-1237.6792
0.73671875,-1237.9072
0.7369140625,-1238.6674
0.737109375,-1238.8195
0.7373046875,-1238.6294
0.7375,-1238.9335
0.7376953125,-1239.1995
0.737890625,-1239.1615
0.7380859375,-1239.2375
0.73828125,-1239.5035
0.7384765625,-1239.5796
0.738671875,-1239.7316
0.7388671875,-1239.9596
0.7390625,-1239.9977
0.7392578125,-1239.8456
0.739453125,-1240.3397
0.7396484375,-1240.8718
0.73984375,-1240.5298
0.7400390625,-1240.3397
0.740234375,-1240.8718
0.7404296875,-1241.0238
0.740625,-1240.6438
0.7408203125,-1240.8718
0.741015625,-1240.9479
0.7412109375,-1240.5298
0.74140625,-1240.2637
0.7416015625,-1239.9596
0.741796875,-1239.7316
0.7419921875,-1239.7697
0.7421875,-1239.9216
0.7423828125,-1239.7316
0.742578125,-1239.5415
0.7427734375,-1239.8076
0.74296875,-1239.9977
0.7431640625,-1239.6936
0.743359375,-1239.2755
0.7435546875,-1239.3516
0.74375,-1239.3895
0.7439453125,-1238.9335
0.744140625,-1238.9714
0.7443359375,-1239.3135
0.74453125,-1239.2755
0.7447265625,-1239.0854
0.744921875,-1239.1995
0.7451171875,-1239.3516
0.7453125,-1239.2755
0.7455078125,-1239.6176
0.745703125,-1239.6176
0.7458984375,-1239.2755
0.74609375,-1239.4656
0.7462890625,-1239.8837
0.746484375,-1239.5035
0.7466796875,-1239.0475
0.746875,-1239.3135
0.7470703125,-1239.3895
0.747265625,-1239.3895
0.7474609375,-1239.5796
0.74765625,-1239.7697
0.7478515625,-1239.6936
0.748046875,-1239.7697
0.7482421875,-1240.0356
0.7484375,-1239.6936
0.7486328125,-1239.6176
0.748828125,-1239.9977
0.7490234375,-1239.9977
0.74921875,-1239.7697
0.7494140625,-1239.7316
0.749609375,-1240.0736
0.7498046875,-1239.9216
0.75,-1239.6176
0.7501953125,-1239.8456
0.750390625,-1239.8837
0.7505859375,-1239.9216
0.75078125,-1240.2257
0.7509765625,-1240.2637
0.751171875,-1240.0356
0.7513671875,-1240.3777
0.7515625,-1240.6818
0.7517578125,-1240.3018
0.751953125,-1240.4158
0.7521484375,-1241.0238
0.75234375,-1240.9858
0.7525390625,-1240.8718
0.752734375,-1241.2899
0.7529296875,-1241.3279
0.753125,-1240.8718
0.7533203125,-1240.6818
0.753515625,-1240.6818
0.7537109375,-1240.6818
0.75390625,-1240.9858
0.7541015625,-1241.0999
0.754296875,-1240.9098
0.7544921875,-1241.1759
0.7546875,-1241.48
0.7548828125,-1241.138
0.755078125,-1240.6058
0.7552734375,-1240.6058
0.75546875,-1240.4917
0.7556640625,-1240.1117
0.755859375,-1239.9216
0.7560546875,-1240.0736
0.75625,-1240.0736
0.7564453125,-1239.8076
0.756640625,-1239.9216
0.7568359375,-1240.0736
0.75703125,-1240.1497
0.7572265625,-1240.3777
0.757421875,-1240.5298
0.7576171875,-1240.4537
0.7578125,-1240.7578
0.7580078125,-1240.9479
0.758203125,-1240.4158
0.7583984375,-1239.8837
0.75859375,-1239.8837
0.7587890625,-1239.3895
0.758984375,-1238.6294
0.7591796875,-1238.7814
0.759375,-1238.8195
0.7595703125,-1238.1353
0.759765625,-1237.8312
0.7599609375,-1237.9833
0.76015625,-1237.8312
0.7603515625,-1237.6412
0.760546875,-1237.6031
0.7607421875,-1237.3372
0.7609375,-1237.2991
0.7611328125,-1237.4131
0.761328125,-1237.1091
0.7615234375,-1236.729
0.76171875,-1237.1091
0.7619140625,-1237.2611
0.762109375,-1236.767
0.7623046875,-1236.957
0.7625,-1237.2231
0.7626953125,-1236.767
0.762890625,-1236.4249
0.7630859375,-1236.653
0.76328125,-1236.691
0.7634765625,-1236.4249
0.763671875,-1236.4249
0.7638671875,-1236.577
0.7640625,-1237.0331
0.7642578125,-1237.7552
0.764453125,-1237.9833
0.7646484375,-1237.7932
0.76484375,-1237.8693
0.7650390625,-1237.7932
0.765234375,-1237.3372
0.7654296875,-1237.2611
0.765625,-1237.6792
0.7658203125,-1238.0212
0.766015625,-1238.1353
0.7662109375,-1238.6294
0.76640625,-1239.2375
0.7666015625,-1239.2755
0.766796875,-1239.0475
0.7669921875,-1239.2375
0.7671875,-1239.5035
0.7673828125,-1239.6176
0.767578125,-1239.8456
0.7677734375,-1239.9977
0.76796875,-1239.8456
0.7681640625,-1240.0356
0.768359375,-1240.1877
0.7685546875,-1239.6176
0.76875,-1239.3516
0.7689453125,-1239.6176
0.769140625,-1239.5035
0.7693359375,-1239.1235
0.76953125,-1239.3516
0.7697265625,-1239.8076
0.769921875,-1239.5796
0.7701171875,-1239.2375
0.7703125,-1239.3895
0.7705078125,-1239.6176
0.770703125,-1239.6556
0.7708984375,-1239.6936
0.77109375,-1239.8076
0.7712890625,-1239.7697
0.771484375,-1239.9977
0.7716796875,-1240.0356
0.771875,-1239.7697
0.7720703125,-1239.9216
0.772265625,-1240.3018
0.7724609375,-1240.4917
0.77265625,-1240.2257
0.7728515625,-1240.3777
0.773046875,-1240.7958
0.7732421875,-1240.4158
0.7734375,-1239.9596
0.7736328125,-1240.1877
0.773828125,-1240.6058
0.7740234375,-1240.7958
0.77421875,-1241.0238
0.7744140625,-1241.2899
0.774609375,-1241.2899
0.7748046875,-1241.518
0.775,-1241.784
0.7751953125,-1241.48
0.775390625,-1241.2899
0.7755859375,-1241.48
0.77578125,-1241.366
0.7759765625,-1240.8718
0.776171875,-1240.6818
0.7763671875,-1240.8718
0.7765625,-1240.5677
0.7767578125,-1240.1877
0.776953125,-1240.4537
0.7771484375,-1241.0238
0.77734375,-1241.138
0.7775390625,-1241.0999
0.777734375,-1241.2899
0.7779296875,-1241.1759
0.778125,-1241.0999
0.7783203125,-1241.4419
0.778515625,-1241.138
0.7787109375,-1240.8339
0.77890625,-1241.2899
0.7791015625,-1241.518
0.779296875,-1241.0238
0.7794921875,-1240.9479
0.7796875,-1241.1759
0.7798828125,-1241.0238
0.780078125,-1240.8718
0.7802734375,-1241.1759
0.78046875,-1241.48
0.7806640625,-1241.48
0.780859375,-1241.67
0.7810546875,-1241.86
0.78125,-1241.518
0.7814453125,-1241.518
0.781640625,-1241.518
0.7818359375,-1240.9479
0.78203125,-1240.6438
0.7822265625,-1240.9479
0.782421875,-1241.252
0.7826171875,-1240.8718
0.7828125,-1240.7578
0.7830078125,-1241.0999
0.783203125,-1241.1759
0.7833984375,-1241.366
0.78359375,-1241.5559
0.7837890625,-1241.48
0.783984375,-1241.5559
0.7841796875,-1241.8981
0.784375,-1241.746
0.7845703125,-1241.518
0.784765625,-1241.822
0.7849609375,-1241.936
0.78515625,-1241.5559
0.7853515625,-1241.3279
0.785546875,-1241.67
0.7857421875,-1241.518
0.7859375,-1241.0619
0.7861328125,-1241.138
0.786328125,-1241.1759
0.7865234375,-1241.366
0.78671875,-1241.708
0.7869140625,-1241.822
0.787109375,-1241.3279
0.7873046875,-1241.2899
0.7875,-1241.518
0.7876953125,-1241.2139
0.787890625,-1240.8718
0.7880859375,-1240.9858
0.78828125,-1241.518
0.7884765625,-1241.4039
0.788671875,-1241.1759
0.7888671875,-1241.518
0.7890625,-1241.67
0.7892578125,-1241.518
0.789453125,-1241.48
0.7896484375,-1241.4419
0.78984375,-1241.252
0.7900390625,-1241.0999
0.790234375,-1240.8339
0.7904296875,-1240.4917
0.790625,-1240.4917
0.7908203125,-1240.7958
0.791015625,-1240.7198
0.7912109375,-1240.1497
0.79140625,-1240.2257
0.7916015625,-1240.7578
0.791796875,-1240.6058
0.7919921875,-1240.3777
0.7921875,-1240.6438
0.7923828125,-1240.5677
0.792578125,-1240.3397
0.7927734375,-1240.3777
0.79296875,-1240.3397
0.7931640625,-1240.0356
0.793359375,-1239.9596
0.7935546875,-1240.1117
0.79375,-1239.8076
0.7939453125,-1239.6936
0.794140625,-1240.1497
0.7943359375,-1240.4917
0.79453125,-1240.4537
0.7947265625,-1240.3777
0.794921875,-1240.6058
0.7951171875,-1240.7198
0.7953125,-1240.6058
0.7955078125,-1240.5298
0.795703125,-1240.4158
0.7958984375,-1240.1497
0.79609375,-1239.9216
0.7962890625,-1239.8837
0.796484375,-1239.5035
0.7966796875,-1239.3135
0.796875,-1239.8456
0.7970703125,-1239.9977
0.797265625,-1239.7316
0.7974609375,-1239.8456
0.79765625,-1240.1877
0.7978515625,-1240.1117
0.798046875,-1240.0736
0.7982421875,-1240.0736
0.7984375,-1239.9977
0.7986328125,-1240.1117
0.798828125,-1240.3777
0.7990234375,-1240.3018
0.79921875,-1239.9216
0.7994140625,-1240.3777
0.799609375,-1240.7198
0.7998046875,-1240.3018
